archivo,año_extraido,mes_extraido,dia,lluvia_mm
registro 01-2021.jpg,2021,Enero,1,0.0
registro 01-2021.jpg,2021,Enero,2,0.0
registro 01-2021.jpg,2021,Enero,3,5.5
registro 01-2021.jpg,2021,Enero,4,45.5
registro 01-2021.jpg,2021,Enero,5,16.5
registro 01-2021.jpg,2021,Enero,6,15.8
registro 01-2021.jpg,2021,Enero,7,0.0
registro 01-2021.jpg,2021,Enero,8,0.0
registro 01-2021.jpg,2021,Enero,9,5.0
registro 01-2021.jpg,2021,Enero,10,0.0
registro 01-2021.jpg,2021,Enero,11,0.0
registro 01-2021.jpg,2021,Enero,12,0.4
registro 01-2021.jpg,2021,Enero,13,35.0
registro 01-2021.jpg,2021,Enero,14,0.0
registro 01-2021.jpg,2021,Enero,15,2.8
registro 01-2021.jpg,2021,Enero,16,0.0
registro 01-2021.jpg,2021,Enero,17,60.0
registro 01-2021.jpg,2021,Enero,18,0.0
registro 01-2021.jpg,2021,Enero,19,0.0
registro 01-2021.jpg,2021,Enero,20,4.0
registro 01-2021.jpg,2021,Enero,21,72.0
registro 01-2021.jpg,2021,Enero,22,11.8
registro 01-2021.jpg,2021,Enero,23,32.0
registro 01-2021.jpg,2021,Enero,24,0.5
registro 01-2021.jpg,2021,Enero,25,4.5
registro 01-2021.jpg,2021,Enero,26,2.0
registro 01-2021.jpg,2021,Enero,27,92.0
registro 01-2021.jpg,2021,Enero,28,4.0
registro 01-2021.jpg,2021,Enero,29,50.0
registro 01-2021.jpg,2021,Enero,30,9.0
registro 01-2021.jpg,2021,Enero,31,67.8
registro 02-2021.jpg,2021,Febrero,1,24.5
registro 02-2021.jpg,2021,Febrero,2,15.0
registro 02-2021.jpg,2021,Febrero,3,12.0
registro 02-2021.jpg,2021,Febrero,4,0.0
registro 02-2021.jpg,2021,Febrero,5,0.0
registro 02-2021.jpg,2021,Febrero,6,0.0
registro 02-2021.jpg,2021,Febrero,7,0.0
registro 02-2021.jpg,2021,Febrero,8,0.0
registro 02-2021.jpg,2021,Febrero,9,0.0
registro 02-2021.jpg,2021,Febrero,10,18.0
registro 02-2021.jpg,2021,Febrero,11,18.0
registro 02-2021.jpg,2021,Febrero,12,3.0
registro 02-2021.jpg,2021,Febrero,13,0.0
registro 02-2021.jpg,2021,Febrero,14,0.5
registro 02-2021.jpg,2021,Febrero,15,0.0
registro 02-2021.jpg,2021,Febrero,16,0.0
registro 02-2021.jpg,2021,Febrero,17,0.0
registro 02-2021.jpg,2021,Febrero,18,0.0
registro 02-2021.jpg,2021,Febrero,19,0.0
registro 02-2021.jpg,2021,Febrero,20,0.0
registro 02-2021.jpg,2021,Febrero,21,0.0
registro 02-2021.jpg,2021,Febrero,22,0.0
registro 02-2021.jpg,2021,Febrero,23,0.0
registro 02-2021.jpg,2021,Febrero,24,2.2
registro 02-2021.jpg,2021,Febrero,25,0.0
registro 02-2021.jpg,2021,Febrero,26,0.0
registro 02-2021.jpg,2021,Febrero,27,0.0
registro 02-2021.jpg,2021,Febrero,28,0.0
registro 02-2021.jpg,2021,Febrero,29,0.0
registro 02-2021.jpg,2021,Febrero,30,0.0
registro 02-2021.jpg,2021,Febrero,31,0.0
registro 03-2021.jpg,2021,Marzo,1,0.0
registro 03-2021.jpg,2021,Marzo,2,0.0
registro 03-2021.jpg,2021,Marzo,3,0.0
registro 03-2021.jpg,2021,Marzo,4,5.0
registro 03-2021.jpg,2021,Marzo,5,6.5
registro 03-2021.jpg,2021,Marzo,6,0.0
registro 03-2021.jpg,2021,Marzo,7,0.0
registro 03-2021.jpg,2021,Marzo,8,0.0
registro 03-2021.jpg,2021,Marzo,9,0.0
registro 03-2021.jpg,2021,Marzo,10,0.0
registro 03-2021.jpg,2021,Marzo,11,0.0
registro 03-2021.jpg,2021,Marzo,12,0.0
registro 03-2021.jpg,2021,Marzo,13,0.0
registro 03-2021.jpg,2021,Marzo,14,0.0
registro 03-2021.jpg,2021,Marzo,15,0.0
registro 03-2021.jpg,2021,Marzo,16,0.0
registro 03-2021.jpg,2021,Marzo,17,11.5
registro 03-2021.jpg,2021,Marzo,18,0.0
registro 03-2021.jpg,2021,Marzo,19,0.0
registro 03-2021.jpg,2021,Marzo,20,0.0
registro 03-2021.jpg,2021,Marzo,21,16.5
registro 03-2021.jpg,2021,Marzo,22,1.5
registro 03-2021.jpg,2021,Marzo,23,0.0
registro 03-2021.jpg,2021,Marzo,24,0.0
registro 03-2021.jpg,2021,Marzo,25,2.5
registro 03-2021.jpg,2021,Marzo,26,0.0
registro 03-2021.jpg,2021,Marzo,27,0.0
registro 03-2021.jpg,2021,Marzo,28,10.0
registro 03-2021.jpg,2021,Marzo,29,2.2
registro 03-2021.jpg,2021,Marzo,30,0.0
registro 03-2021.jpg,2021,Marzo,31,0.0
registro 04-2021.bmp,2021,abril,1,0.0
registro 04-2021.bmp,2021,abril,2,0.0
registro 04-2021.bmp,2021,abril,3,0.0
registro 04-2021.bmp,2021,abril,4,0.0
registro 04-2021.bmp,2021,abril,5,0.0
registro 04-2021.bmp,2021,abril,6,904.0
registro 04-2021.bmp,2021,abril,7,0.0
registro 04-2021.bmp,2021,abril,8,0.0
registro 04-2021.bmp,2021,abril,9,0.0
registro 04-2021.bmp,2021,abril,10,0.0
registro 04-2021.bmp,2021,abril,11,0.0
registro 04-2021.bmp,2021,abril,12,4.5
registro 04-2021.bmp,2021,abril,13,0.0
registro 04-2021.bmp,2021,abril,14,0.0
registro 04-2021.bmp,2021,abril,15,0.0
registro 04-2021.bmp,2021,abril,16,360.9
registro 04-2021.bmp,2021,abril,17,0.0
registro 04-2021.bmp,2021,abril,18,0.0
registro 04-2021.bmp,2021,abril,19,0.0
registro 04-2021.bmp,2021,abril,20,0.0
registro 04-2021.bmp,2021,abril,21,0.0
registro 04-2021.bmp,2021,abril,22,0.0
registro 04-2021.bmp,2021,abril,23,0.0
registro 04-2021.bmp,2021,abril,24,0.0
registro 04-2021.bmp,2021,abril,25,2.0
registro 04-2021.bmp,2021,abril,26,0.0
registro 04-2021.bmp,2021,abril,27,0.0
registro 04-2021.bmp,2021,abril,28,0.0
registro 04-2021.bmp,2021,abril,29,0.0
registro 04-2021.bmp,2021,abril,30,0.0
registro 04-2021.bmp,2021,abril,31,0.0
registro 05-2021.jpg,2021,Mayo,1,0.0
registro 05-2021.jpg,2021,Mayo,2,0.0
registro 05-2021.jpg,2021,Mayo,3,0.0
registro 05-2021.jpg,2021,Mayo,4,0.0
registro 05-2021.jpg,2021,Mayo,5,0.0
registro 05-2021.jpg,2021,Mayo,6,8.0
registro 05-2021.jpg,2021,Mayo,7,3.5
registro 05-2021.jpg,2021,Mayo,8,0.0
registro 05-2021.jpg,2021,Mayo,9,0.0
registro 05-2021.jpg,2021,Mayo,10,0.0
registro 05-2021.jpg,2021,Mayo,11,23.0
registro 05-2021.jpg,2021,Mayo,12,0.0
registro 05-2021.jpg,2021,Mayo,13,0.0
registro 05-2021.jpg,2021,Mayo,14,0.0
registro 05-2021.jpg,2021,Mayo,15,0.0
registro 05-2021.jpg,2021,Mayo,16,0.0
registro 05-2021.jpg,2021,Mayo,17,0.0
registro 05-2021.jpg,2021,Mayo,18,0.0
registro 05-2021.jpg,2021,Mayo,19,0.0
registro 05-2021.jpg,2021,Mayo,20,0.0
registro 05-2021.jpg,2021,Mayo,21,6.0
registro 05-2021.jpg,2021,Mayo,22,0.0
registro 05-2021.jpg,2021,Mayo,23,0.0
registro 05-2021.jpg,2021,Mayo,24,0.0
registro 05-2021.jpg,2021,Mayo,25,0.0
registro 05-2021.jpg,2021,Mayo,26,0.0
registro 05-2021.jpg,2021,Mayo,27,0.0
registro 05-2021.jpg,2021,Mayo,28,0.0
registro 05-2021.jpg,2021,Mayo,29,0.0
registro 05-2021.jpg,2021,Mayo,30,0.0
registro 05-2021.jpg,2021,Mayo,31,0.0
registro 06-2021.jpg,2021,Junio,1,0.0
registro 06-2021.jpg,2021,Junio,2,0.0
registro 06-2021.jpg,2021,Junio,3,20.0
registro 06-2021.jpg,2021,Junio,4,0.0
registro 06-2021.jpg,2021,Junio,5,0.0
registro 06-2021.jpg,2021,Junio,6,50.0
registro 06-2021.jpg,2021,Junio,7,10.0
registro 06-2021.jpg,2021,Junio,8,2.0
registro 06-2021.jpg,2021,Junio,9,2.0
registro 06-2021.jpg,2021,Junio,10,0.8
registro 06-2021.jpg,2021,Junio,11,0.0
registro 06-2021.jpg,2021,Junio,12,0.0
registro 06-2021.jpg,2021,Junio,13,0.0
registro 06-2021.jpg,2021,Junio,14,0.0
registro 06-2021.jpg,2021,Junio,15,0.0
registro 06-2021.jpg,2021,Junio,16,0.0
registro 06-2021.jpg,2021,Junio,17,0.0
registro 06-2021.jpg,2021,Junio,18,20.0
registro 06-2021.jpg,2021,Junio,19,11.0
registro 06-2021.jpg,2021,Junio,20,0.0
registro 06-2021.jpg,2021,Junio,21,2.5
registro 06-2021.jpg,2021,Junio,22,0.0
registro 06-2021.jpg,2021,Junio,23,0.0
registro 06-2021.jpg,2021,Junio,24,0.0
registro 06-2021.jpg,2021,Junio,25,7.0
registro 06-2021.jpg,2021,Junio,26,30.0
registro 06-2021.jpg,2021,Junio,27,2.5
registro 06-2021.jpg,2021,Junio,28,0.0
registro 06-2021.jpg,2021,Junio,29,0.0
registro 06-2021.jpg,2021,Junio,30,0.0
registro 06-2021.jpg,2021,Junio,31,0.0
registro 07-2021.jpg,2021,Julio,1,0.0
registro 07-2021.jpg,2021,Julio,2,0.0
registro 07-2021.jpg,2021,Julio,3,0.0
registro 07-2021.jpg,2021,Julio,4,0.0
registro 07-2021.jpg,2021,Julio,5,0.0
registro 07-2021.jpg,2021,Julio,6,0.0
registro 07-2021.jpg,2021,Julio,7,0.0
registro 07-2021.jpg,2021,Julio,8,0.0
registro 07-2021.jpg,2021,Julio,9,0.0
registro 07-2021.jpg,2021,Julio,10,0.0
registro 07-2021.jpg,2021,Julio,11,0.0
registro 07-2021.jpg,2021,Julio,12,0.0
registro 07-2021.jpg,2021,Julio,13,0.0
registro 07-2021.jpg,2021,Julio,14,0.0
registro 07-2021.jpg,2021,Julio,15,26.0
registro 07-2021.jpg,2021,Julio,16,7.0
registro 07-2021.jpg,2021,Julio,17,0.0
registro 07-2021.jpg,2021,Julio,18,0.0
registro 07-2021.jpg,2021,Julio,19,0.0
registro 07-2021.jpg,2021,Julio,20,0.0
registro 07-2021.jpg,2021,Julio,21,0.8
registro 07-2021.jpg,2021,Julio,22,0.0
registro 07-2021.jpg,2021,Julio,23,0.0
registro 07-2021.jpg,2021,Julio,24,0.0
registro 07-2021.jpg,2021,Julio,25,0.0
registro 07-2021.jpg,2021,Julio,26,0.0
registro 07-2021.jpg,2021,Julio,27,11.5
registro 07-2021.jpg,2021,Julio,28,0.0
registro 07-2021.jpg,2021,Julio,29,0.0
registro 07-2021.jpg,2021,Julio,30,0.0
registro 07-2021.jpg,2021,Julio,31,0.0
registro 08-2021.bmp,2021,Agosto,1,0.0
registro 08-2021.bmp,2021,Agosto,2,0.0
registro 08-2021.bmp,2021,Agosto,3,0.0
registro 08-2021.bmp,2021,Agosto,4,0.0
registro 08-2021.bmp,2021,Agosto,5,0.0
registro 08-2021.bmp,2021,Agosto,6,0.0
registro 08-2021.bmp,2021,Agosto,7,0.0
registro 08-2021.bmp,2021,Agosto,8,0.0
registro 08-2021.bmp,2021,Agosto,9,0.0
registro 08-2021.bmp,2021,Agosto,10,9.0
registro 08-2021.bmp,2021,Agosto,11,8.5
registro 08-2021.bmp,2021,Agosto,12,0.0
registro 08-2021.bmp,2021,Agosto,13,0.6
registro 08-2021.bmp,2021,Agosto,14,0.7
registro 08-2021.bmp,2021,Agosto,15,0.0
registro 08-2021.bmp,2021,Agosto,16,0.0
registro 08-2021.bmp,2021,Agosto,17,0.0
registro 08-2021.bmp,2021,Agosto,18,0.0
registro 08-2021.bmp,2021,Agosto,19,0.0
registro 08-2021.bmp,2021,Agosto,20,0.0
registro 08-2021.bmp,2021,Agosto,21,0.0
registro 08-2021.bmp,2021,Agosto,22,0.0
registro 08-2021.bmp,2021,Agosto,23,0.0
registro 08-2021.bmp,2021,Agosto,24,0.0
registro 08-2021.bmp,2021,Agosto,25,13.0
registro 08-2021.bmp,2021,Agosto,26,7.5
registro 08-2021.bmp,2021,Agosto,27,0.0
registro 08-2021.bmp,2021,Agosto,28,0.0
registro 08-2021.bmp,2021,Agosto,29,0.0
registro 08-2021.bmp,2021,Agosto,30,0.0
registro 08-2021.bmp,2021,Agosto,31,0.0
registro 09-2021.jpg,2021,Septiembre,1,0.0
registro 09-2021.jpg,2021,Septiembre,2,0.0
registro 09-2021.jpg,2021,Septiembre,3,0.0
registro 09-2021.jpg,2021,Septiembre,4,4.0
registro 09-2021.jpg,2021,Septiembre,5,16.2
registro 09-2021.jpg,2021,Septiembre,6,0.0
registro 09-2021.jpg,2021,Septiembre,7,0.0
registro 09-2021.jpg,2021,Septiembre,8,8.0
registro 09-2021.jpg,2021,Septiembre,9,2.5
registro 09-2021.jpg,2021,Septiembre,10,0.0
registro 09-2021.jpg,2021,Septiembre,11,0.0
registro 09-2021.jpg,2021,Septiembre,12,0.0
registro 09-2021.jpg,2021,Septiembre,13,0.0
registro 09-2021.jpg,2021,Septiembre,14,25.0
registro 09-2021.jpg,2021,Septiembre,15,2.3
registro 09-2021.jpg,2021,Septiembre,16,3.0
registro 09-2021.jpg,2021,Septiembre,17,13.0
registro 09-2021.jpg,2021,Septiembre,18,0.0
registro 09-2021.jpg,2021,Septiembre,19,0.0
registro 09-2021.jpg,2021,Septiembre,20,0.0
registro 09-2021.jpg,2021,Septiembre,21,0.0
registro 09-2021.jpg,2021,Septiembre,22,17.0
registro 09-2021.jpg,2021,Septiembre,23,0.0
registro 09-2021.jpg,2021,Septiembre,24,0.0
registro 09-2021.jpg,2021,Septiembre,25,0.0
registro 09-2021.jpg,2021,Septiembre,26,0.0
registro 09-2021.jpg,2021,Septiembre,27,0.0
registro 09-2021.jpg,2021,Septiembre,28,0.0
registro 09-2021.jpg,2021,Septiembre,29,0.0
registro 09-2021.jpg,2021,Septiembre,30,6.0
registro 09-2021.jpg,2021,Septiembre,31,0.0
registro 10-2021.jpg,2021,octubre,1,25.0
registro 10-2021.jpg,2021,octubre,2,5.0
registro 10-2021.jpg,2021,octubre,3,1.5
registro 10-2021.jpg,2021,octubre,4,32.0
registro 10-2021.jpg,2021,octubre,5,0.0
registro 10-2021.jpg,2021,octubre,6,0.0
registro 10-2021.jpg,2021,octubre,7,10.5
registro 10-2021.jpg,2021,octubre,8,0.0
registro 10-2021.jpg,2021,octubre,9,3.0
registro 10-2021.jpg,2021,octubre,10,11.0
registro 10-2021.jpg,2021,octubre,11,8.0
registro 10-2021.jpg,2021,octubre,12,0.0
registro 10-2021.jpg,2021,octubre,13,0.0
registro 10-2021.jpg,2021,octubre,14,35.0
registro 10-2021.jpg,2021,octubre,15,47.5
registro 10-2021.jpg,2021,octubre,16,11.5
registro 10-2021.jpg,2021,octubre,17,0.0
registro 10-2021.jpg,2021,octubre,18,0.0
registro 10-2021.jpg,2021,octubre,19,0.0
registro 10-2021.jpg,2021,octubre,20,0.0
registro 10-2021.jpg,2021,octubre,21,0.0
registro 10-2021.jpg,2021,octubre,22,0.0
registro 10-2021.jpg,2021,octubre,23,11.2
registro 10-2021.jpg,2021,octubre,24,57.3
registro 10-2021.jpg,2021,octubre,25,0.0
registro 10-2021.jpg,2021,octubre,26,0.0
registro 10-2021.jpg,2021,octubre,27,0.0
registro 10-2021.jpg,2021,octubre,28,0.0
registro 10-2021.jpg,2021,octubre,29,0.0
registro 10-2021.jpg,2021,octubre,30,0.5
registro 10-2021.jpg,2021,octubre,31,59.0
registro 11-2021.jpg,2021,Noviembre,1,0.0
registro 11-2021.jpg,2021,Noviembre,2,0.0
registro 11-2021.jpg,2021,Noviembre,3,0.0
registro 11-2021.jpg,2021,Noviembre,4,0.0
registro 11-2021.jpg,2021,Noviembre,5,0.0
registro 11-2021.jpg,2021,Noviembre,6,15.2
registro 11-2021.jpg,2021,Noviembre,7,0.0
registro 11-2021.jpg,2021,Noviembre,8,0.0
registro 11-2021.jpg,2021,Noviembre,9,0.0
registro 11-2021.jpg,2021,Noviembre,10,0.0
registro 11-2021.jpg,2021,Noviembre,11,0.0
registro 11-2021.jpg,2021,Noviembre,12,0.0
registro 11-2021.jpg,2021,Noviembre,13,0.0
registro 11-2021.jpg,2021,Noviembre,14,0.0
registro 11-2021.jpg,2021,Noviembre,15,0.0
registro 11-2021.jpg,2021,Noviembre,16,0.0
registro 11-2021.jpg,2021,Noviembre,17,10.5
registro 11-2021.jpg,2021,Noviembre,18,19.5
registro 11-2021.jpg,2021,Noviembre,19,3.0
registro 11-2021.jpg,2021,Noviembre,20,0.0
registro 11-2021.jpg,2021,Noviembre,21,0.0
registro 11-2021.jpg,2021,Noviembre,22,0.0
registro 11-2021.jpg,2021,Noviembre,23,0.0
registro 11-2021.jpg,2021,Noviembre,24,0.0
registro 11-2021.jpg,2021,Noviembre,25,0.0
registro 11-2021.jpg,2021,Noviembre,26,12.5
registro 11-2021.jpg,2021,Noviembre,27,0.0
registro 11-2021.jpg,2021,Noviembre,28,9.5
registro 11-2021.jpg,2021,Noviembre,29,0.0
registro 11-2021.jpg,2021,Noviembre,30,0.0
registro 11-2021.jpg,2021,Noviembre,31,0.0
registro 12-2021.jpg,2021,Diciembre,1,0.0
registro 12-2021.jpg,2021,Diciembre,2,0.0
registro 12-2021.jpg,2021,Diciembre,3,0.0
registro 12-2021.jpg,2021,Diciembre,4,0.0
registro 12-2021.jpg,2021,Diciembre,5,0.0
registro 12-2021.jpg,2021,Diciembre,6,0.0
registro 12-2021.jpg,2021,Diciembre,7,0.0
registro 12-2021.jpg,2021,Diciembre,8,0.0
registro 12-2021.jpg,2021,Diciembre,9,0.0
registro 12-2021.jpg,2021,Diciembre,10,0.0
registro 12-2021.jpg,2021,Diciembre,11,0.0
registro 12-2021.jpg,2021,Diciembre,12,0.0
registro 12-2021.jpg,2021,Diciembre,13,0.0
registro 12-2021.jpg,2021,Diciembre,14,2.5
registro 12-2021.jpg,2021,Diciembre,15,5.0
registro 12-2021.jpg,2021,Diciembre,16,0.0
registro 12-2021.jpg,2021,Diciembre,17,0.0
registro 12-2021.jpg,2021,Diciembre,18,0.0
registro 12-2021.jpg,2021,Diciembre,19,0.0
registro 12-2021.jpg,2021,Diciembre,20,0.0
registro 12-2021.jpg,2021,Diciembre,21,0.0
registro 12-2021.jpg,2021,Diciembre,22,0.0
registro 12-2021.jpg,2021,Diciembre,23,0.0
registro 12-2021.jpg,2021,Diciembre,24,0.0
registro 12-2021.jpg,2021,Diciembre,25,0.0
registro 12-2021.jpg,2021,Diciembre,26,0.0
registro 12-2021.jpg,2021,Diciembre,27,0.0
registro 12-2021.jpg,2021,Diciembre,28,0.0
registro 12-2021.jpg,2021,Diciembre,29,0.0
registro 12-2021.jpg,2021,Diciembre,30,39.0
registro 12-2021.jpg,2021,Diciembre,31,46.9
Registro lluvias 10-2022 001.jpg,2022,octubre,1,15.2
Registro lluvias 10-2022 001.jpg,2022,octubre,2,0.0
Registro lluvias 10-2022 001.jpg,2022,octubre,3,0.0
Registro lluvias 10-2022 001.jpg,2022,octubre,4,0.0
Registro lluvias 10-2022 001.jpg,2022,octubre,5,0.0
Registro lluvias 10-2022 001.jpg,2022,octubre,6,75.0
Registro lluvias 10-2022 001.jpg,2022,octubre,7,8.6
Registro lluvias 10-2022 001.jpg,2022,octubre,8,0.0
Registro lluvias 10-2022 001.jpg,2022,octubre,9,0.0
Registro lluvias 10-2022 001.jpg,2022,octubre,10,10.5
Registro lluvias 10-2022 001.jpg,2022,octubre,11,26.5
Registro lluvias 10-2022 001.jpg,2022,octubre,12,20.5
Registro lluvias 10-2022 001.jpg,2022,octubre,13,6.0
Registro lluvias 10-2022 001.jpg,2022,octubre,14,0.0
Registro lluvias 10-2022 001.jpg,2022,octubre,15,3.0
Registro lluvias 10-2022 001.jpg,2022,octubre,16,0.0
Registro lluvias 10-2022 001.jpg,2022,octubre,17,0.0
Registro lluvias 10-2022 001.jpg,2022,octubre,18,0.0
Registro lluvias 10-2022 001.jpg,2022,octubre,19,0.0
Registro lluvias 10-2022 001.jpg,2022,octubre,20,19.6
Registro lluvias 10-2022 001.jpg,2022,octubre,21,40.5
Registro lluvias 10-2022 001.jpg,2022,octubre,22,0.0
Registro lluvias 10-2022 001.jpg,2022,octubre,23,0.0
Registro lluvias 10-2022 001.jpg,2022,octubre,24,0.0
Registro lluvias 10-2022 001.jpg,2022,octubre,25,0.0
Registro lluvias 10-2022 001.jpg,2022,octubre,26,15.0
Registro lluvias 10-2022 001.jpg,2022,octubre,27,0.0
Registro lluvias 10-2022 001.jpg,2022,octubre,28,0.0
Registro lluvias 10-2022 001.jpg,2022,octubre,29,32.5
Registro lluvias 10-2022 001.jpg,2022,octubre,30,0.0
Registro lluvias 10-2022 001.jpg,2022,octubre,31,9.0
registro 01-2022.jpg,2022,Enero,1,0.0
registro 01-2022.jpg,2022,Enero,2,0.0
registro 01-2022.jpg,2022,Enero,3,3.8
registro 01-2022.jpg,2022,Enero,4,0.0
registro 01-2022.jpg,2022,Enero,5,1.8
registro 01-2022.jpg,2022,Enero,6,0.0
registro 01-2022.jpg,2022,Enero,7,0.0
registro 01-2022.jpg,2022,Enero,8,9.5
registro 01-2022.jpg,2022,Enero,9,6.5
registro 01-2022.jpg,2022,Enero,10,2.5
registro 01-2022.jpg,2022,Enero,11,0.0
registro 01-2022.jpg,2022,Enero,12,0.0
registro 01-2022.jpg,2022,Enero,13,0.0
registro 01-2022.jpg,2022,Enero,14,57.0
registro 01-2022.jpg,2022,Enero,15,0.3
registro 01-2022.jpg,2022,Enero,16,0.0
registro 01-2022.jpg,2022,Enero,17,0.0
registro 01-2022.jpg,2022,Enero,18,0.0
registro 01-2022.jpg,2022,Enero,19,0.0
registro 01-2022.jpg,2022,Enero,20,0.0
registro 01-2022.jpg,2022,Enero,21,0.0
registro 01-2022.jpg,2022,Enero,22,0.0
registro 01-2022.jpg,2022,Enero,23,0.0
registro 01-2022.jpg,2022,Enero,24,0.8
registro 01-2022.jpg,2022,Enero,25,0.0
registro 01-2022.jpg,2022,Enero,26,0.0
registro 01-2022.jpg,2022,Enero,27,5.5
registro 01-2022.jpg,2022,Enero,28,0.0
registro 01-2022.jpg,2022,Enero,29,0.0
registro 01-2022.jpg,2022,Enero,30,0.0
registro 01-2022.jpg,2022,Enero,31,0.0
registro 02-2022.jpg,2022,Febrero,1,0.0
registro 02-2022.jpg,2022,Febrero,2,0.0
registro 02-2022.jpg,2022,Febrero,3,0.0
registro 02-2022.jpg,2022,Febrero,4,10.5
registro 02-2022.jpg,2022,Febrero,5,7.5
registro 02-2022.jpg,2022,Febrero,6,14.0
registro 02-2022.jpg,2022,Febrero,7,0.0
registro 02-2022.jpg,2022,Febrero,8,0.0
registro 02-2022.jpg,2022,Febrero,9,0.0
registro 02-2022.jpg,2022,Febrero,10,2.5
registro 02-2022.jpg,2022,Febrero,11,0.0
registro 02-2022.jpg,2022,Febrero,12,0.0
registro 02-2022.jpg,2022,Febrero,13,0.0
registro 02-2022.jpg,2022,Febrero,14,0.0
registro 02-2022.jpg,2022,Febrero,15,0.0
registro 02-2022.jpg,2022,Febrero,16,0.0
registro 02-2022.jpg,2022,Febrero,17,0.0
registro 02-2022.jpg,2022,Febrero,18,0.0
registro 02-2022.jpg,2022,Febrero,19,0.0
registro 02-2022.jpg,2022,Febrero,20,909.0
registro 02-2022.jpg,2022,Febrero,21,9.5
registro 02-2022.jpg,2022,Febrero,22,28.5
registro 02-2022.jpg,2022,Febrero,23,0.0
registro 02-2022.jpg,2022,Febrero,24,0.0
registro 02-2022.jpg,2022,Febrero,25,29.8
registro 02-2022.jpg,2022,Febrero,26,0.0
registro 02-2022.jpg,2022,Febrero,27,0.0
registro 02-2022.jpg,2022,Febrero,28,0.0
registro 02-2022.jpg,2022,Febrero,29,0.0
registro 02-2022.jpg,2022,Febrero,30,0.0
registro 02-2022.jpg,2022,Febrero,31,0.0
registro 03-2022.jpg,2022,Marzo,1,0.0
registro 03-2022.jpg,2022,Marzo,2,0.0
registro 03-2022.jpg,2022,Marzo,3,2.0
registro 03-2022.jpg,2022,Marzo,4,0.0
registro 03-2022.jpg,2022,Marzo,5,0.0
registro 03-2022.jpg,2022,Marzo,6,0.0
registro 03-2022.jpg,2022,Marzo,7,0.0
registro 03-2022.jpg,2022,Marzo,8,11.8
registro 03-2022.jpg,2022,Marzo,9,0.0
registro 03-2022.jpg,2022,Marzo,10,16.0
registro 03-2022.jpg,2022,Marzo,11,42.5
registro 03-2022.jpg,2022,Marzo,12,0.0
registro 03-2022.jpg,2022,Marzo,13,0.0
registro 03-2022.jpg,2022,Marzo,14,0.0
registro 03-2022.jpg,2022,Marzo,15,0.0
registro 03-2022.jpg,2022,Marzo,16,0.0
registro 03-2022.jpg,2022,Marzo,17,0.0
registro 03-2022.jpg,2022,Marzo,18,16.3
registro 03-2022.jpg,2022,Marzo,19,0.0
registro 03-2022.jpg,2022,Marzo,20,0.0
registro 03-2022.jpg,2022,Marzo,21,0.0
registro 03-2022.jpg,2022,Marzo,22,65.5
registro 03-2022.jpg,2022,Marzo,23,114.5
registro 03-2022.jpg,2022,Marzo,24,48.0
registro 03-2022.jpg,2022,Marzo,25,0.0
registro 03-2022.jpg,2022,Marzo,26,0.0
registro 03-2022.jpg,2022,Marzo,27,0.0
registro 03-2022.jpg,2022,Marzo,28,0.0
registro 03-2022.jpg,2022,Marzo,29,0.0
registro 03-2022.jpg,2022,Marzo,30,16.0
registro 03-2022.jpg,2022,Marzo,31,17.0
registro 04-2022.jpg,2022,Abril,1,0.0
registro 04-2022.jpg,2022,Abril,2,0.0
registro 04-2022.jpg,2022,Abril,3,0.0
registro 04-2022.jpg,2022,Abril,4,70.0
registro 04-2022.jpg,2022,Abril,5,0.0
registro 04-2022.jpg,2022,Abril,6,5.5
registro 04-2022.jpg,2022,Abril,7,2.5
registro 04-2022.jpg,2022,Abril,8,28.0
registro 04-2022.jpg,2022,Abril,9,0.0
registro 04-2022.jpg,2022,Abril,10,0.0
registro 04-2022.jpg,2022,Abril,11,60.0
registro 04-2022.jpg,2022,Abril,12,70.0
registro 04-2022.jpg,2022,Abril,13,0.0
registro 04-2022.jpg,2022,Abril,14,0.0
registro 04-2022.jpg,2022,Abril,15,0.0
registro 04-2022.jpg,2022,Abril,16,0.0
registro 04-2022.jpg,2022,Abril,17,0.0
registro 04-2022.jpg,2022,Abril,18,0.0
registro 04-2022.jpg,2022,Abril,19,0.0
registro 04-2022.jpg,2022,Abril,20,0.0
registro 04-2022.jpg,2022,Abril,21,0.0
registro 04-2022.jpg,2022,Abril,22,30.0
registro 04-2022.jpg,2022,Abril,23,60.5
registro 04-2022.jpg,2022,Abril,24,0.0
registro 04-2022.jpg,2022,Abril,25,0.0
registro 04-2022.jpg,2022,Abril,26,0.0
registro 04-2022.jpg,2022,Abril,27,0.0
registro 04-2022.jpg,2022,Abril,28,0.0
registro 04-2022.jpg,2022,Abril,29,2.5
registro 04-2022.jpg,2022,Abril,30,0.0
registro 04-2022.jpg,2022,Abril,31,0.0
registro 05-2022.jpg,2022,Marzo,1,51.0
registro 05-2022.jpg,2022,Marzo,2,8.0
registro 05-2022.jpg,2022,Marzo,3,38.5
registro 05-2022.jpg,2022,Marzo,4,7.5
registro 05-2022.jpg,2022,Marzo,5,1.8
registro 05-2022.jpg,2022,Marzo,6,0.0
registro 05-2022.jpg,2022,Marzo,7,0.0
registro 05-2022.jpg,2022,Marzo,8,0.0
registro 05-2022.jpg,2022,Marzo,9,0.0
registro 05-2022.jpg,2022,Marzo,10,3.0
registro 05-2022.jpg,2022,Marzo,11,3.5
registro 05-2022.jpg,2022,Marzo,12,0.0
registro 05-2022.jpg,2022,Marzo,13,0.0
registro 05-2022.jpg,2022,Marzo,14,0.0
registro 05-2022.jpg,2022,Marzo,15,25.0
registro 05-2022.jpg,2022,Marzo,16,0.0
registro 05-2022.jpg,2022,Marzo,17,0.0
registro 05-2022.jpg,2022,Marzo,18,0.0
registro 05-2022.jpg,2022,Marzo,19,0.0
registro 05-2022.jpg,2022,Marzo,20,0.0
registro 05-2022.jpg,2022,Marzo,21,0.0
registro 05-2022.jpg,2022,Marzo,22,0.0
registro 05-2022.jpg,2022,Marzo,23,0.0
registro 05-2022.jpg,2022,Marzo,24,0.0
registro 05-2022.jpg,2022,Marzo,25,0.0
registro 05-2022.jpg,2022,Marzo,26,0.0
registro 05-2022.jpg,2022,Marzo,27,20.0
registro 05-2022.jpg,2022,Marzo,28,54.0
registro 05-2022.jpg,2022,Marzo,29,32.5
registro 05-2022.jpg,2022,Marzo,30,6.6
registro 05-2022.jpg,2022,Marzo,31,0.0
registro 06-2022.jpg,2022,Junio,1,0.0
registro 06-2022.jpg,2022,Junio,2,2.5
registro 06-2022.jpg,2022,Junio,3,0.0
registro 06-2022.jpg,2022,Junio,4,0.0
registro 06-2022.jpg,2022,Junio,5,0.0
registro 06-2022.jpg,2022,Junio,6,0.0
registro 06-2022.jpg,2022,Junio,7,25.5
registro 06-2022.jpg,2022,Junio,8,0.0
registro 06-2022.jpg,2022,Junio,9,0.6
registro 06-2022.jpg,2022,Junio,10,0.0
registro 06-2022.jpg,2022,Junio,11,0.0
registro 06-2022.jpg,2022,Junio,12,0.0
registro 06-2022.jpg,2022,Junio,13,0.0
registro 06-2022.jpg,2022,Junio,14,0.0
registro 06-2022.jpg,2022,Junio,15,0.0
registro 06-2022.jpg,2022,Junio,16,46.2
registro 06-2022.jpg,2022,Junio,17,0.0
registro 06-2022.jpg,2022,Junio,18,0.0
registro 06-2022.jpg,2022,Junio,19,0.0
registro 06-2022.jpg,2022,Junio,20,0.0
registro 06-2022.jpg,2022,Junio,21,15.2
registro 06-2022.jpg,2022,Junio,22,5.6
registro 06-2022.jpg,2022,Junio,23,0.0
registro 06-2022.jpg,2022,Junio,24,0.0
registro 06-2022.jpg,2022,Junio,25,0.0
registro 06-2022.jpg,2022,Junio,26,0.0
registro 06-2022.jpg,2022,Junio,27,0.0
registro 06-2022.jpg,2022,Junio,28,0.0
registro 06-2022.jpg,2022,Junio,29,0.0
registro 06-2022.jpg,2022,Junio,30,0.0
registro 06-2022.jpg,2022,Junio,31,0.0
registro 07-2022.jpg,2022,Julio,1,0.0
registro 07-2022.jpg,2022,Julio,2,0.0
registro 07-2022.jpg,2022,Julio,3,0.0
registro 07-2022.jpg,2022,Julio,4,0.0
registro 07-2022.jpg,2022,Julio,5,0.0
registro 07-2022.jpg,2022,Julio,6,0.0
registro 07-2022.jpg,2022,Julio,7,0.0
registro 07-2022.jpg,2022,Julio,8,0.0
registro 07-2022.jpg,2022,Julio,9,0.0
registro 07-2022.jpg,2022,Julio,10,0.0
registro 07-2022.jpg,2022,Julio,11,0.0
registro 07-2022.jpg,2022,Julio,12,15.0
registro 07-2022.jpg,2022,Julio,13,0.0
registro 07-2022.jpg,2022,Julio,14,4.0
registro 07-2022.jpg,2022,Julio,15,0.6
registro 07-2022.jpg,2022,Julio,16,0.0
registro 07-2022.jpg,2022,Julio,17,4.5
registro 07-2022.jpg,2022,Julio,18,8.0
registro 07-2022.jpg,2022,Julio,19,0.0
registro 07-2022.jpg,2022,Julio,20,0.0
registro 07-2022.jpg,2022,Julio,21,0.0
registro 07-2022.jpg,2022,Julio,22,0.0
registro 07-2022.jpg,2022,Julio,23,0.0
registro 07-2022.jpg,2022,Julio,24,0.0
registro 07-2022.jpg,2022,Julio,25,0.0
registro 07-2022.jpg,2022,Julio,26,0.0
registro 07-2022.jpg,2022,Julio,27,0.0
registro 07-2022.jpg,2022,Julio,28,0.0
registro 07-2022.jpg,2022,Julio,29,5.0
registro 07-2022.jpg,2022,Julio,30,0.0
registro 07-2022.jpg,2022,Julio,31,0.0
registro lluvia 12 - 22.jpg,2022,Diciembre,1,0.0
registro lluvia 12 - 22.jpg,2022,Diciembre,2,9.0
registro lluvia 12 - 22.jpg,2022,Diciembre,3,1.0
registro lluvia 12 - 22.jpg,2022,Diciembre,4,0.0
registro lluvia 12 - 22.jpg,2022,Diciembre,5,6.5
registro lluvia 12 - 22.jpg,2022,Diciembre,6,0.0
registro lluvia 12 - 22.jpg,2022,Diciembre,7,0.0
registro lluvia 12 - 22.jpg,2022,Diciembre,8,0.0
registro lluvia 12 - 22.jpg,2022,Diciembre,9,0.0
registro lluvia 12 - 22.jpg,2022,Diciembre,10,0.0
registro lluvia 12 - 22.jpg,2022,Diciembre,11,0.0
registro lluvia 12 - 22.jpg,2022,Diciembre,12,6.0
registro lluvia 12 - 22.jpg,2022,Diciembre,13,0.0
registro lluvia 12 - 22.jpg,2022,Diciembre,14,0.0
registro lluvia 12 - 22.jpg,2022,Diciembre,15,0.0
registro lluvia 12 - 22.jpg,2022,Diciembre,16,0.0
registro lluvia 12 - 22.jpg,2022,Diciembre,17,0.0
registro lluvia 12 - 22.jpg,2022,Diciembre,18,0.0
registro lluvia 12 - 22.jpg,2022,Diciembre,19,1.0
registro lluvia 12 - 22.jpg,2022,Diciembre,20,3.0
registro lluvia 12 - 22.jpg,2022,Diciembre,21,0.0
registro lluvia 12 - 22.jpg,2022,Diciembre,22,0.0
registro lluvia 12 - 22.jpg,2022,Diciembre,23,0.0
registro lluvia 12 - 22.jpg,2022,Diciembre,24,0.0
registro lluvia 12 - 22.jpg,2022,Diciembre,25,0.0
registro lluvia 12 - 22.jpg,2022,Diciembre,26,4.5
registro lluvia 12 - 22.jpg,2022,Diciembre,27,0.0
registro lluvia 12 - 22.jpg,2022,Diciembre,28,8.5
registro lluvia 12 - 22.jpg,2022,Diciembre,29,0.0
registro lluvia 12 - 22.jpg,2022,Diciembre,30,0.0
registro lluvia 12 - 22.jpg,2022,Diciembre,31,0.0
registro lluvias 11-22.jpg,2022,Noviembre,1,15.0
registro lluvias 11-22.jpg,2022,Noviembre,2,0.0
registro lluvias 11-22.jpg,2022,Noviembre,3,0.0
registro lluvias 11-22.jpg,2022,Noviembre,4,0.0
registro lluvias 11-22.jpg,2022,Noviembre,5,0.0
registro lluvias 11-22.jpg,2022,Noviembre,6,0.0
registro lluvias 11-22.jpg,2022,Noviembre,7,0.0
registro lluvias 11-22.jpg,2022,Noviembre,8,0.0
registro lluvias 11-22.jpg,2022,Noviembre,9,0.0
registro lluvias 11-22.jpg,2022,Noviembre,10,0.0
registro lluvias 11-22.jpg,2022,Noviembre,11,3.5
registro lluvias 11-22.jpg,2022,Noviembre,12,0.0
registro lluvias 11-22.jpg,2022,Noviembre,13,56.0
registro lluvias 11-22.jpg,2022,Noviembre,14,0.0
registro lluvias 11-22.jpg,2022,Noviembre,15,0.0
registro lluvias 11-22.jpg,2022,Noviembre,16,0.0
registro lluvias 11-22.jpg,2022,Noviembre,17,0.0
registro lluvias 11-22.jpg,2022,Noviembre,18,0.0
registro lluvias 11-22.jpg,2022,Noviembre,19,0.0
registro lluvias 11-22.jpg,2022,Noviembre,20,0.0
registro lluvias 11-22.jpg,2022,Noviembre,21,0.0
registro lluvias 11-22.jpg,2022,Noviembre,22,9.0
registro lluvias 11-22.jpg,2022,Noviembre,23,1.0
registro lluvias 11-22.jpg,2022,Noviembre,24,0.0
registro lluvias 11-22.jpg,2022,Noviembre,25,0.0
registro lluvias 11-22.jpg,2022,Noviembre,26,0.0
registro lluvias 11-22.jpg,2022,Noviembre,27,0.0
registro lluvias 11-22.jpg,2022,Noviembre,28,0.0
registro lluvias 11-22.jpg,2022,Noviembre,29,0.0
registro lluvias 11-22.jpg,2022,Noviembre,30,0.0
registro lluvias 11-22.jpg,2022,Noviembre,31,0.0
REGISTRO LLUVIA ABRIL 2023 001.bmp,2023,Abril,1,0.0
REGISTRO LLUVIA ABRIL 2023 001.bmp,2023,Abril,2,0.0
REGISTRO LLUVIA ABRIL 2023 001.bmp,2023,Abril,3,0.0
REGISTRO LLUVIA ABRIL 2023 001.bmp,2023,Abril,4,0.0
REGISTRO LLUVIA ABRIL 2023 001.bmp,2023,Abril,5,0.0
REGISTRO LLUVIA ABRIL 2023 001.bmp,2023,Abril,6,16.5
REGISTRO LLUVIA ABRIL 2023 001.bmp,2023,Abril,7,28.5
REGISTRO LLUVIA ABRIL 2023 001.bmp,2023,Abril,8,2.0
REGISTRO LLUVIA ABRIL 2023 001.bmp,2023,Abril,9,0.0
REGISTRO LLUVIA ABRIL 2023 001.bmp,2023,Abril,10,0.0
REGISTRO LLUVIA ABRIL 2023 001.bmp,2023,Abril,11,0.0
REGISTRO LLUVIA ABRIL 2023 001.bmp,2023,Abril,12,0.0
REGISTRO LLUVIA ABRIL 2023 001.bmp,2023,Abril,13,3.8
REGISTRO LLUVIA ABRIL 2023 001.bmp,2023,Abril,14,0.0
REGISTRO LLUVIA ABRIL 2023 001.bmp,2023,Abril,15,0.0
REGISTRO LLUVIA ABRIL 2023 001.bmp,2023,Abril,16,0.0
REGISTRO LLUVIA ABRIL 2023 001.bmp,2023,Abril,17,12.0
REGISTRO LLUVIA ABRIL 2023 001.bmp,2023,Abril,18,0.0
REGISTRO LLUVIA ABRIL 2023 001.bmp,2023,Abril,19,0.0
REGISTRO LLUVIA ABRIL 2023 001.bmp,2023,Abril,20,0.0
REGISTRO LLUVIA ABRIL 2023 001.bmp,2023,Abril,21,0.0
REGISTRO LLUVIA ABRIL 2023 001.bmp,2023,Abril,22,0.0
REGISTRO LLUVIA ABRIL 2023 001.bmp,2023,Abril,23,0.0
REGISTRO LLUVIA ABRIL 2023 001.bmp,2023,Abril,24,0.0
REGISTRO LLUVIA ABRIL 2023 001.bmp,2023,Abril,25,24.0
REGISTRO LLUVIA ABRIL 2023 001.bmp,2023,Abril,26,20.0
REGISTRO LLUVIA ABRIL 2023 001.bmp,2023,Abril,27,0.0
REGISTRO LLUVIA ABRIL 2023 001.bmp,2023,Abril,28,0.0
REGISTRO LLUVIA ABRIL 2023 001.bmp,2023,Abril,29,0.0
REGISTRO LLUVIA ABRIL 2023 001.bmp,2023,Abril,30,0.0
REGISTRO LLUVIA ABRIL 2023 001.bmp,2023,Abril,31,0.0
REGISTRO LLUVIA DICIEMBRE 2023 001.jpg,2023,Diciembre,1,0.0
REGISTRO LLUVIA DICIEMBRE 2023 001.jpg,2023,Diciembre,2,0.0
REGISTRO LLUVIA DICIEMBRE 2023 001.jpg,2023,Diciembre,3,12.0
REGISTRO LLUVIA DICIEMBRE 2023 001.jpg,2023,Diciembre,4,25.0
REGISTRO LLUVIA DICIEMBRE 2023 001.jpg,2023,Diciembre,5,0.0
REGISTRO LLUVIA DICIEMBRE 2023 001.jpg,2023,Diciembre,6,7.3
REGISTRO LLUVIA DICIEMBRE 2023 001.jpg,2023,Diciembre,7,43.0
REGISTRO LLUVIA DICIEMBRE 2023 001.jpg,2023,Diciembre,8,30.3
REGISTRO LLUVIA DICIEMBRE 2023 001.jpg,2023,Diciembre,9,0.0
REGISTRO LLUVIA DICIEMBRE 2023 001.jpg,2023,Diciembre,10,10.0
REGISTRO LLUVIA DICIEMBRE 2023 001.jpg,2023,Diciembre,11,2.0
REGISTRO LLUVIA DICIEMBRE 2023 001.jpg,2023,Diciembre,12,0.0
REGISTRO LLUVIA DICIEMBRE 2023 001.jpg,2023,Diciembre,13,0.0
REGISTRO LLUVIA DICIEMBRE 2023 001.jpg,2023,Diciembre,14,0.0
REGISTRO LLUVIA DICIEMBRE 2023 001.jpg,2023,Diciembre,15,0.0
REGISTRO LLUVIA DICIEMBRE 2023 001.jpg,2023,Diciembre,16,0.0
REGISTRO LLUVIA DICIEMBRE 2023 001.jpg,2023,Diciembre,17,0.0
REGISTRO LLUVIA DICIEMBRE 2023 001.jpg,2023,Diciembre,18,0.0
REGISTRO LLUVIA DICIEMBRE 2023 001.jpg,2023,Diciembre,19,0.0
REGISTRO LLUVIA DICIEMBRE 2023 001.jpg,2023,Diciembre,20,25.3
REGISTRO LLUVIA DICIEMBRE 2023 001.jpg,2023,Diciembre,21,0.0
REGISTRO LLUVIA DICIEMBRE 2023 001.jpg,2023,Diciembre,22,0.0
REGISTRO LLUVIA DICIEMBRE 2023 001.jpg,2023,Diciembre,23,23.5
REGISTRO LLUVIA DICIEMBRE 2023 001.jpg,2023,Diciembre,24,4.5
REGISTRO LLUVIA DICIEMBRE 2023 001.jpg,2023,Diciembre,25,60.5
REGISTRO LLUVIA DICIEMBRE 2023 001.jpg,2023,Diciembre,26,7.5
REGISTRO LLUVIA DICIEMBRE 2023 001.jpg,2023,Diciembre,27,0.0
REGISTRO LLUVIA DICIEMBRE 2023 001.jpg,2023,Diciembre,28,0.0
REGISTRO LLUVIA DICIEMBRE 2023 001.jpg,2023,Diciembre,29,10.0
REGISTRO LLUVIA DICIEMBRE 2023 001.jpg,2023,Diciembre,30,23.0
REGISTRO LLUVIA DICIEMBRE 2023 001.jpg,2023,Diciembre,31,0.0
REGISTRO LLUVIA ENERO 2023 001.jpg,2023,Enero,1,0.0
REGISTRO LLUVIA ENERO 2023 001.jpg,2023,Enero,2,31.2
REGISTRO LLUVIA ENERO 2023 001.jpg,2023,Enero,3,1.8
REGISTRO LLUVIA ENERO 2023 001.jpg,2023,Enero,4,8.5
REGISTRO LLUVIA ENERO 2023 001.jpg,2023,Enero,5,0.0
REGISTRO LLUVIA ENERO 2023 001.jpg,2023,Enero,6,0.0
REGISTRO LLUVIA ENERO 2023 001.jpg,2023,Enero,7,0.0
REGISTRO LLUVIA ENERO 2023 001.jpg,2023,Enero,8,0.0
REGISTRO LLUVIA ENERO 2023 001.jpg,2023,Enero,9,0.0
REGISTRO LLUVIA ENERO 2023 001.jpg,2023,Enero,10,0.0
REGISTRO LLUVIA ENERO 2023 001.jpg,2023,Enero,11,17.8
REGISTRO LLUVIA ENERO 2023 001.jpg,2023,Enero,12,3.0
REGISTRO LLUVIA ENERO 2023 001.jpg,2023,Enero,13,9.0
REGISTRO LLUVIA ENERO 2023 001.jpg,2023,Enero,14,0.0
REGISTRO LLUVIA ENERO 2023 001.jpg,2023,Enero,15,2.4
REGISTRO LLUVIA ENERO 2023 001.jpg,2023,Enero,16,0.0
REGISTRO LLUVIA ENERO 2023 001.jpg,2023,Enero,17,0.0
REGISTRO LLUVIA ENERO 2023 001.jpg,2023,Enero,18,35.0
REGISTRO LLUVIA ENERO 2023 001.jpg,2023,Enero,19,0.0
REGISTRO LLUVIA ENERO 2023 001.jpg,2023,Enero,20,0.0
REGISTRO LLUVIA ENERO 2023 001.jpg,2023,Enero,21,0.0
REGISTRO LLUVIA ENERO 2023 001.jpg,2023,Enero,22,0.0
REGISTRO LLUVIA ENERO 2023 001.jpg,2023,Enero,23,0.0
REGISTRO LLUVIA ENERO 2023 001.jpg,2023,Enero,24,0.0
REGISTRO LLUVIA ENERO 2023 001.jpg,2023,Enero,25,0.0
REGISTRO LLUVIA ENERO 2023 001.jpg,2023,Enero,26,0.0
REGISTRO LLUVIA ENERO 2023 001.jpg,2023,Enero,27,0.0
REGISTRO LLUVIA ENERO 2023 001.jpg,2023,Enero,28,0.0
REGISTRO LLUVIA ENERO 2023 001.jpg,2023,Enero,29,8.0
REGISTRO LLUVIA ENERO 2023 001.jpg,2023,Enero,30,2.0
REGISTRO LLUVIA ENERO 2023 001.jpg,2023,Enero,31,0.0
REGISTRO LLUVIA FEBRERO 2023 001.jpg,2023,Febrero,1,0.0
REGISTRO LLUVIA FEBRERO 2023 001.jpg,2023,Febrero,2,0.0
REGISTRO LLUVIA FEBRERO 2023 001.jpg,2023,Febrero,3,18.0
REGISTRO LLUVIA FEBRERO 2023 001.jpg,2023,Febrero,4,2.0
REGISTRO LLUVIA FEBRERO 2023 001.jpg,2023,Febrero,5,0.0
REGISTRO LLUVIA FEBRERO 2023 001.jpg,2023,Febrero,6,0.0
REGISTRO LLUVIA FEBRERO 2023 001.jpg,2023,Febrero,7,0.0
REGISTRO LLUVIA FEBRERO 2023 001.jpg,2023,Febrero,8,0.0
REGISTRO LLUVIA FEBRERO 2023 001.jpg,2023,Febrero,9,0.0
REGISTRO LLUVIA FEBRERO 2023 001.jpg,2023,Febrero,10,12.0
REGISTRO LLUVIA FEBRERO 2023 001.jpg,2023,Febrero,11,0.0
REGISTRO LLUVIA FEBRERO 2023 001.jpg,2023,Febrero,12,0.0
REGISTRO LLUVIA FEBRERO 2023 001.jpg,2023,Febrero,13,0.0
REGISTRO LLUVIA FEBRERO 2023 001.jpg,2023,Febrero,14,0.0
REGISTRO LLUVIA FEBRERO 2023 001.jpg,2023,Febrero,15,23.0
REGISTRO LLUVIA FEBRERO 2023 001.jpg,2023,Febrero,16,3.2
REGISTRO LLUVIA FEBRERO 2023 001.jpg,2023,Febrero,17,0.0
REGISTRO LLUVIA FEBRERO 2023 001.jpg,2023,Febrero,18,0.0
REGISTRO LLUVIA FEBRERO 2023 001.jpg,2023,Febrero,19,0.0
REGISTRO LLUVIA FEBRERO 2023 001.jpg,2023,Febrero,20,0.0
REGISTRO LLUVIA FEBRERO 2023 001.jpg,2023,Febrero,21,0.0
REGISTRO LLUVIA FEBRERO 2023 001.jpg,2023,Febrero,22,0.0
REGISTRO LLUVIA FEBRERO 2023 001.jpg,2023,Febrero,23,0.0
REGISTRO LLUVIA FEBRERO 2023 001.jpg,2023,Febrero,24,13.8
REGISTRO LLUVIA FEBRERO 2023 001.jpg,2023,Febrero,25,5.3
REGISTRO LLUVIA FEBRERO 2023 001.jpg,2023,Febrero,26,0.0
REGISTRO LLUVIA FEBRERO 2023 001.jpg,2023,Febrero,27,0.0
REGISTRO LLUVIA FEBRERO 2023 001.jpg,2023,Febrero,28,0.0
REGISTRO LLUVIA FEBRERO 2023 001.jpg,2023,Febrero,29,0.0
REGISTRO LLUVIA FEBRERO 2023 001.jpg,2023,Febrero,30,0.0
REGISTRO LLUVIA FEBRERO 2023 001.jpg,2023,Febrero,31,0.0
REGISTRO LLUVIA JUNIO 2023 001.jpg,2023,Junio,1,0.0
REGISTRO LLUVIA JUNIO 2023 001.jpg,2023,Junio,2,0.0
REGISTRO LLUVIA JUNIO 2023 001.jpg,2023,Junio,3,0.0
REGISTRO LLUVIA JUNIO 2023 001.jpg,2023,Junio,4,0.0
REGISTRO LLUVIA JUNIO 2023 001.jpg,2023,Junio,5,0.0
REGISTRO LLUVIA JUNIO 2023 001.jpg,2023,Junio,6,0.0
REGISTRO LLUVIA JUNIO 2023 001.jpg,2023,Junio,7,0.0
REGISTRO LLUVIA JUNIO 2023 001.jpg,2023,Junio,8,0.0
REGISTRO LLUVIA JUNIO 2023 001.jpg,2023,Junio,9,0.0
REGISTRO LLUVIA JUNIO 2023 001.jpg,2023,Junio,10,0.0
REGISTRO LLUVIA JUNIO 2023 001.jpg,2023,Junio,11,38.0
REGISTRO LLUVIA JUNIO 2023 001.jpg,2023,Junio,12,1.5
REGISTRO LLUVIA JUNIO 2023 001.jpg,2023,Junio,13,9.0
REGISTRO LLUVIA JUNIO 2023 001.jpg,2023,Junio,14,1.0
REGISTRO LLUVIA JUNIO 2023 001.jpg,2023,Junio,15,18.5
REGISTRO LLUVIA JUNIO 2023 001.jpg,2023,Junio,16,8.5
REGISTRO LLUVIA JUNIO 2023 001.jpg,2023,Junio,17,7.5
REGISTRO LLUVIA JUNIO 2023 001.jpg,2023,Junio,18,0.0
REGISTRO LLUVIA JUNIO 2023 001.jpg,2023,Junio,19,0.0
REGISTRO LLUVIA JUNIO 2023 001.jpg,2023,Junio,20,0.0
REGISTRO LLUVIA JUNIO 2023 001.jpg,2023,Junio,21,0.0
REGISTRO LLUVIA JUNIO 2023 001.jpg,2023,Junio,22,0.0
REGISTRO LLUVIA JUNIO 2023 001.jpg,2023,Junio,23,27.0
REGISTRO LLUVIA JUNIO 2023 001.jpg,2023,Junio,24,0.0
REGISTRO LLUVIA JUNIO 2023 001.jpg,2023,Junio,25,0.0
REGISTRO LLUVIA JUNIO 2023 001.jpg,2023,Junio,26,0.0
REGISTRO LLUVIA JUNIO 2023 001.jpg,2023,Junio,27,0.0
REGISTRO LLUVIA JUNIO 2023 001.jpg,2023,Junio,28,0.0
REGISTRO LLUVIA JUNIO 2023 001.jpg,2023,Junio,29,0.0
REGISTRO LLUVIA JUNIO 2023 001.jpg,2023,Junio,30,0.0
REGISTRO LLUVIA JUNIO 2023 001.jpg,2023,Junio,31,0.0
REGISTRO LLUVIA MARZO 2023 001.jpg,2023,Marzo,1,0.0
REGISTRO LLUVIA MARZO 2023 001.jpg,2023,Marzo,2,0.0
REGISTRO LLUVIA MARZO 2023 001.jpg,2023,Marzo,3,4.5
REGISTRO LLUVIA MARZO 2023 001.jpg,2023,Marzo,4,8.0
REGISTRO LLUVIA MARZO 2023 001.jpg,2023,Marzo,5,2.0
REGISTRO LLUVIA MARZO 2023 001.jpg,2023,Marzo,6,0.0
REGISTRO LLUVIA MARZO 2023 001.jpg,2023,Marzo,7,0.0
REGISTRO LLUVIA MARZO 2023 001.jpg,2023,Marzo,8,0.0
REGISTRO LLUVIA MARZO 2023 001.jpg,2023,Marzo,9,32.8
REGISTRO LLUVIA MARZO 2023 001.jpg,2023,Marzo,10,0.0
REGISTRO LLUVIA MARZO 2023 001.jpg,2023,Marzo,11,0.0
REGISTRO LLUVIA MARZO 2023 001.jpg,2023,Marzo,12,0.0
REGISTRO LLUVIA MARZO 2023 001.jpg,2023,Marzo,13,0.0
REGISTRO LLUVIA MARZO 2023 001.jpg,2023,Marzo,14,0.3
REGISTRO LLUVIA MARZO 2023 001.jpg,2023,Marzo,15,0.8
REGISTRO LLUVIA MARZO 2023 001.jpg,2023,Marzo,16,0.4
REGISTRO LLUVIA MARZO 2023 001.jpg,2023,Marzo,17,0.0
REGISTRO LLUVIA MARZO 2023 001.jpg,2023,Marzo,18,0.0
REGISTRO LLUVIA MARZO 2023 001.jpg,2023,Marzo,19,0.0
REGISTRO LLUVIA MARZO 2023 001.jpg,2023,Marzo,20,0.0
REGISTRO LLUVIA MARZO 2023 001.jpg,2023,Marzo,21,0.0
REGISTRO LLUVIA MARZO 2023 001.jpg,2023,Marzo,22,0.0
REGISTRO LLUVIA MARZO 2023 001.jpg,2023,Marzo,23,0.0
REGISTRO LLUVIA MARZO 2023 001.jpg,2023,Marzo,24,0.0
REGISTRO LLUVIA MARZO 2023 001.jpg,2023,Marzo,25,0.0
REGISTRO LLUVIA MARZO 2023 001.jpg,2023,Marzo,26,7.0
REGISTRO LLUVIA MARZO 2023 001.jpg,2023,Marzo,27,0.9
REGISTRO LLUVIA MARZO 2023 001.jpg,2023,Marzo,28,0.0
REGISTRO LLUVIA MARZO 2023 001.jpg,2023,Marzo,29,0.0
REGISTRO LLUVIA MARZO 2023 001.jpg,2023,Marzo,30,18.0
REGISTRO LLUVIA MARZO 2023 001.jpg,2023,Marzo,31,5.5
REGISTRO LLUVIA MAYO 2023 001.bmp,2023,Mayo,1,0.0
REGISTRO LLUVIA MAYO 2023 001.bmp,2023,Mayo,2,0.0
REGISTRO LLUVIA MAYO 2023 001.bmp,2023,Mayo,3,47.0
REGISTRO LLUVIA MAYO 2023 001.bmp,2023,Mayo,4,78.0
REGISTRO LLUVIA MAYO 2023 001.bmp,2023,Mayo,5,25.6
REGISTRO LLUVIA MAYO 2023 001.bmp,2023,Mayo,6,0.0
REGISTRO LLUVIA MAYO 2023 001.bmp,2023,Mayo,7,0.0
REGISTRO LLUVIA MAYO 2023 001.bmp,2023,Mayo,8,11.8
REGISTRO LLUVIA MAYO 2023 001.bmp,2023,Mayo,9,0.0
REGISTRO LLUVIA MAYO 2023 001.bmp,2023,Mayo,10,0.0
REGISTRO LLUVIA MAYO 2023 001.bmp,2023,Mayo,11,0.0
REGISTRO LLUVIA MAYO 2023 001.bmp,2023,Mayo,12,0.0
REGISTRO LLUVIA MAYO 2023 001.bmp,2023,Mayo,13,0.0
REGISTRO LLUVIA MAYO 2023 001.bmp,2023,Mayo,14,0.0
REGISTRO LLUVIA MAYO 2023 001.bmp,2023,Mayo,15,0.0
REGISTRO LLUVIA MAYO 2023 001.bmp,2023,Mayo,16,0.0
REGISTRO LLUVIA MAYO 2023 001.bmp,2023,Mayo,17,0.0
REGISTRO LLUVIA MAYO 2023 001.bmp,2023,Mayo,18,0.0
REGISTRO LLUVIA MAYO 2023 001.bmp,2023,Mayo,19,0.0
REGISTRO LLUVIA MAYO 2023 001.bmp,2023,Mayo,20,0.0
REGISTRO LLUVIA MAYO 2023 001.bmp,2023,Mayo,21,0.0
REGISTRO LLUVIA MAYO 2023 001.bmp,2023,Mayo,22,24.5
REGISTRO LLUVIA MAYO 2023 001.bmp,2023,Mayo,23,0.0
REGISTRO LLUVIA MAYO 2023 001.bmp,2023,Mayo,24,0.0
REGISTRO LLUVIA MAYO 2023 001.bmp,2023,Mayo,25,0.0
REGISTRO LLUVIA MAYO 2023 001.bmp,2023,Mayo,26,0.0
REGISTRO LLUVIA MAYO 2023 001.bmp,2023,Mayo,27,7.5
REGISTRO LLUVIA MAYO 2023 001.bmp,2023,Mayo,28,31.0
REGISTRO LLUVIA MAYO 2023 001.bmp,2023,Mayo,29,0.0
REGISTRO LLUVIA MAYO 2023 001.bmp,2023,Mayo,30,0.0
REGISTRO LLUVIA MAYO 2023 001.bmp,2023,Mayo,31,0.0
REGISTRO LLUVIA NOVIEMBRE 2023 001.jpg,2023,Noviembre,1,14.0
REGISTRO LLUVIA NOVIEMBRE 2023 001.jpg,2023,Noviembre,2,14.0
REGISTRO LLUVIA NOVIEMBRE 2023 001.jpg,2023,Noviembre,3,74.4
REGISTRO LLUVIA NOVIEMBRE 2023 001.jpg,2023,Noviembre,4,2.4
REGISTRO LLUVIA NOVIEMBRE 2023 001.jpg,2023,Noviembre,5,0.0
REGISTRO LLUVIA NOVIEMBRE 2023 001.jpg,2023,Noviembre,6,0.0
REGISTRO LLUVIA NOVIEMBRE 2023 001.jpg,2023,Noviembre,7,0.0
REGISTRO LLUVIA NOVIEMBRE 2023 001.jpg,2023,Noviembre,8,0.0
REGISTRO LLUVIA NOVIEMBRE 2023 001.jpg,2023,Noviembre,9,19.0
REGISTRO LLUVIA NOVIEMBRE 2023 001.jpg,2023,Noviembre,10,3.2
REGISTRO LLUVIA NOVIEMBRE 2023 001.jpg,2023,Noviembre,11,0.0
REGISTRO LLUVIA NOVIEMBRE 2023 001.jpg,2023,Noviembre,12,0.0
REGISTRO LLUVIA NOVIEMBRE 2023 001.jpg,2023,Noviembre,13,6.5
REGISTRO LLUVIA NOVIEMBRE 2023 001.jpg,2023,Noviembre,14,47.8
REGISTRO LLUVIA NOVIEMBRE 2023 001.jpg,2023,Noviembre,15,67.7
REGISTRO LLUVIA NOVIEMBRE 2023 001.jpg,2023,Noviembre,16,0.4
REGISTRO LLUVIA NOVIEMBRE 2023 001.jpg,2023,Noviembre,17,7.0
REGISTRO LLUVIA NOVIEMBRE 2023 001.jpg,2023,Noviembre,18,0.0
REGISTRO LLUVIA NOVIEMBRE 2023 001.jpg,2023,Noviembre,19,0.0
REGISTRO LLUVIA NOVIEMBRE 2023 001.jpg,2023,Noviembre,20,0.0
REGISTRO LLUVIA NOVIEMBRE 2023 001.jpg,2023,Noviembre,21,0.0
REGISTRO LLUVIA NOVIEMBRE 2023 001.jpg,2023,Noviembre,22,0.0
REGISTRO LLUVIA NOVIEMBRE 2023 001.jpg,2023,Noviembre,23,4.0
REGISTRO LLUVIA NOVIEMBRE 2023 001.jpg,2023,Noviembre,24,0.0
REGISTRO LLUVIA NOVIEMBRE 2023 001.jpg,2023,Noviembre,25,0.0
REGISTRO LLUVIA NOVIEMBRE 2023 001.jpg,2023,Noviembre,26,0.0
REGISTRO LLUVIA NOVIEMBRE 2023 001.jpg,2023,Noviembre,27,0.4
REGISTRO LLUVIA NOVIEMBRE 2023 001.jpg,2023,Noviembre,28,41.5
REGISTRO LLUVIA NOVIEMBRE 2023 001.jpg,2023,Noviembre,29,6.1
REGISTRO LLUVIA NOVIEMBRE 2023 001.jpg,2023,Noviembre,30,0.0
REGISTRO LLUVIA NOVIEMBRE 2023 001.jpg,2023,Noviembre,31,0.0
REGISTRO LLUVIAS AGOSTO 2023 001.jpg,2023,Agosto,1,0.0
REGISTRO LLUVIAS AGOSTO 2023 001.jpg,2023,Agosto,2,0.0
REGISTRO LLUVIAS AGOSTO 2023 001.jpg,2023,Agosto,3,0.0
REGISTRO LLUVIAS AGOSTO 2023 001.jpg,2023,Agosto,4,0.0
REGISTRO LLUVIAS AGOSTO 2023 001.jpg,2023,Agosto,5,0.0
REGISTRO LLUVIAS AGOSTO 2023 001.jpg,2023,Agosto,6,0.0
REGISTRO LLUVIAS AGOSTO 2023 001.jpg,2023,Agosto,7,0.0
REGISTRO LLUVIAS AGOSTO 2023 001.jpg,2023,Agosto,8,9.5
REGISTRO LLUVIAS AGOSTO 2023 001.jpg,2023,Agosto,9,35.5
REGISTRO LLUVIAS AGOSTO 2023 001.jpg,2023,Agosto,10,0.0
REGISTRO LLUVIAS AGOSTO 2023 001.jpg,2023,Agosto,11,22.0
REGISTRO LLUVIAS AGOSTO 2023 001.jpg,2023,Agosto,12,23.0
REGISTRO LLUVIAS AGOSTO 2023 001.jpg,2023,Agosto,13,0.0
REGISTRO LLUVIAS AGOSTO 2023 001.jpg,2023,Agosto,14,0.0
REGISTRO LLUVIAS AGOSTO 2023 001.jpg,2023,Agosto,15,0.0
REGISTRO LLUVIAS AGOSTO 2023 001.jpg,2023,Agosto,16,0.0
REGISTRO LLUVIAS AGOSTO 2023 001.jpg,2023,Agosto,17,0.0
REGISTRO LLUVIAS AGOSTO 2023 001.jpg,2023,Agosto,18,0.0
REGISTRO LLUVIAS AGOSTO 2023 001.jpg,2023,Agosto,19,36.0
REGISTRO LLUVIAS AGOSTO 2023 001.jpg,2023,Agosto,20,0.0
REGISTRO LLUVIAS AGOSTO 2023 001.jpg,2023,Agosto,21,0.0
REGISTRO LLUVIAS AGOSTO 2023 001.jpg,2023,Agosto,22,0.0
REGISTRO LLUVIAS AGOSTO 2023 001.jpg,2023,Agosto,23,0.0
REGISTRO LLUVIAS AGOSTO 2023 001.jpg,2023,Agosto,24,0.0
REGISTRO LLUVIAS AGOSTO 2023 001.jpg,2023,Agosto,25,0.0
REGISTRO LLUVIAS AGOSTO 2023 001.jpg,2023,Agosto,26,0.0
REGISTRO LLUVIAS AGOSTO 2023 001.jpg,2023,Agosto,27,0.0
REGISTRO LLUVIAS AGOSTO 2023 001.jpg,2023,Agosto,28,0.0
REGISTRO LLUVIAS AGOSTO 2023 001.jpg,2023,Agosto,29,0.0
REGISTRO LLUVIAS AGOSTO 2023 001.jpg,2023,Agosto,30,0.0
REGISTRO LLUVIAS AGOSTO 2023 001.jpg,2023,Agosto,31,0.0
REGISTRO LLUVIAS JULIO 2023 001.jpg,2023,Julio,1,0.0
REGISTRO LLUVIAS JULIO 2023 001.jpg,2023,Julio,2,0.0
REGISTRO LLUVIAS JULIO 2023 001.jpg,2023,Julio,3,0.0
REGISTRO LLUVIAS JULIO 2023 001.jpg,2023,Julio,4,0.0
REGISTRO LLUVIAS JULIO 2023 001.jpg,2023,Julio,5,0.0
REGISTRO LLUVIAS JULIO 2023 001.jpg,2023,Julio,6,0.0
REGISTRO LLUVIAS JULIO 2023 001.jpg,2023,Julio,7,0.0
REGISTRO LLUVIAS JULIO 2023 001.jpg,2023,Julio,8,4.8
REGISTRO LLUVIAS JULIO 2023 001.jpg,2023,Julio,9,0.0
REGISTRO LLUVIAS JULIO 2023 001.jpg,2023,Julio,10,27.0
REGISTRO LLUVIAS JULIO 2023 001.jpg,2023,Julio,11,73.5
REGISTRO LLUVIAS JULIO 2023 001.jpg,2023,Julio,12,40.0
REGISTRO LLUVIAS JULIO 2023 001.jpg,2023,Julio,13,27.5
REGISTRO LLUVIAS JULIO 2023 001.jpg,2023,Julio,14,1.0
REGISTRO LLUVIAS JULIO 2023 001.jpg,2023,Julio,15,0.0
REGISTRO LLUVIAS JULIO 2023 001.jpg,2023,Julio,16,0.0
REGISTRO LLUVIAS JULIO 2023 001.jpg,2023,Julio,17,0.0
REGISTRO LLUVIAS JULIO 2023 001.jpg,2023,Julio,18,0.0
REGISTRO LLUVIAS JULIO 2023 001.jpg,2023,Julio,19,0.0
REGISTRO LLUVIAS JULIO 2023 001.jpg,2023,Julio,20,0.0
REGISTRO LLUVIAS JULIO 2023 001.jpg,2023,Julio,21,0.0
REGISTRO LLUVIAS JULIO 2023 001.jpg,2023,Julio,22,0.0
REGISTRO LLUVIAS JULIO 2023 001.jpg,2023,Julio,23,0.0
REGISTRO LLUVIAS JULIO 2023 001.jpg,2023,Julio,24,0.0
REGISTRO LLUVIAS JULIO 2023 001.jpg,2023,Julio,25,0.0
REGISTRO LLUVIAS JULIO 2023 001.jpg,2023,Julio,26,0.0
REGISTRO LLUVIAS JULIO 2023 001.jpg,2023,Julio,27,0.0
REGISTRO LLUVIAS JULIO 2023 001.jpg,2023,Julio,28,4.0
REGISTRO LLUVIAS JULIO 2023 001.jpg,2023,Julio,29,0.0
REGISTRO LLUVIAS JULIO 2023 001.jpg,2023,Julio,30,0.0
REGISTRO LLUVIAS JULIO 2023 001.jpg,2023,Julio,31,0.0
REGISTRO LLUVIAS OCTUBRE 2023.jpg,2023,octubre,1,0.0
REGISTRO LLUVIAS OCTUBRE 2023.jpg,2023,octubre,2,0.0
REGISTRO LLUVIAS OCTUBRE 2023.jpg,2023,octubre,3,0.0
REGISTRO LLUVIAS OCTUBRE 2023.jpg,2023,octubre,4,10.0
REGISTRO LLUVIAS OCTUBRE 2023.jpg,2023,octubre,5,16.0
REGISTRO LLUVIAS OCTUBRE 2023.jpg,2023,octubre,6,0.0
REGISTRO LLUVIAS OCTUBRE 2023.jpg,2023,octubre,7,2.2
REGISTRO LLUVIAS OCTUBRE 2023.jpg,2023,octubre,8,13.5
REGISTRO LLUVIAS OCTUBRE 2023.jpg,2023,octubre,9,0.0
REGISTRO LLUVIAS OCTUBRE 2023.jpg,2023,octubre,10,0.0
REGISTRO LLUVIAS OCTUBRE 2023.jpg,2023,octubre,11,0.0
REGISTRO LLUVIAS OCTUBRE 2023.jpg,2023,octubre,12,74.8
REGISTRO LLUVIAS OCTUBRE 2023.jpg,2023,octubre,13,0.0
REGISTRO LLUVIAS OCTUBRE 2023.jpg,2023,octubre,14,0.0
REGISTRO LLUVIAS OCTUBRE 2023.jpg,2023,octubre,15,0.0
REGISTRO LLUVIAS OCTUBRE 2023.jpg,2023,octubre,16,0.0
REGISTRO LLUVIAS OCTUBRE 2023.jpg,2023,octubre,17,8.0
REGISTRO LLUVIAS OCTUBRE 2023.jpg,2023,octubre,18,3.2
REGISTRO LLUVIAS OCTUBRE 2023.jpg,2023,octubre,19,0.0
REGISTRO LLUVIAS OCTUBRE 2023.jpg,2023,octubre,20,17.0
REGISTRO LLUVIAS OCTUBRE 2023.jpg,2023,octubre,21,0.0
REGISTRO LLUVIAS OCTUBRE 2023.jpg,2023,octubre,22,0.0
REGISTRO LLUVIAS OCTUBRE 2023.jpg,2023,octubre,23,0.0
REGISTRO LLUVIAS OCTUBRE 2023.jpg,2023,octubre,24,21.0
REGISTRO LLUVIAS OCTUBRE 2023.jpg,2023,octubre,25,2.5
REGISTRO LLUVIAS OCTUBRE 2023.jpg,2023,octubre,26,0.0
REGISTRO LLUVIAS OCTUBRE 2023.jpg,2023,octubre,27,19.0
REGISTRO LLUVIAS OCTUBRE 2023.jpg,2023,octubre,28,75.0
REGISTRO LLUVIAS OCTUBRE 2023.jpg,2023,octubre,29,93.0
REGISTRO LLUVIAS OCTUBRE 2023.jpg,2023,octubre,30,1.2
REGISTRO LLUVIAS OCTUBRE 2023.jpg,2023,octubre,31,45.6
REGISTRO LLUVIAS SEPTIEMBRE 2023 001.jpg,2023,Septiembre,1,5.0
REGISTRO LLUVIAS SEPTIEMBRE 2023 001.jpg,2023,Septiembre,2,27.0
REGISTRO LLUVIAS SEPTIEMBRE 2023 001.jpg,2023,Septiembre,3,67.0
REGISTRO LLUVIAS SEPTIEMBRE 2023 001.jpg,2023,Septiembre,4,5.0
REGISTRO LLUVIAS SEPTIEMBRE 2023 001.jpg,2023,Septiembre,5,5.8
REGISTRO LLUVIAS SEPTIEMBRE 2023 001.jpg,2023,Septiembre,6,0.0
REGISTRO LLUVIAS SEPTIEMBRE 2023 001.jpg,2023,Septiembre,7,0.0
REGISTRO LLUVIAS SEPTIEMBRE 2023 001.jpg,2023,Septiembre,8,102.0
REGISTRO LLUVIAS SEPTIEMBRE 2023 001.jpg,2023,Septiembre,9,8.5
REGISTRO LLUVIAS SEPTIEMBRE 2023 001.jpg,2023,Septiembre,10,0.0
REGISTRO LLUVIAS SEPTIEMBRE 2023 001.jpg,2023,Septiembre,11,0.0
REGISTRO LLUVIAS SEPTIEMBRE 2023 001.jpg,2023,Septiembre,12,0.0
REGISTRO LLUVIAS SEPTIEMBRE 2023 001.jpg,2023,Septiembre,13,0.0
REGISTRO LLUVIAS SEPTIEMBRE 2023 001.jpg,2023,Septiembre,14,5.6
REGISTRO LLUVIAS SEPTIEMBRE 2023 001.jpg,2023,Septiembre,15,0.0
REGISTRO LLUVIAS SEPTIEMBRE 2023 001.jpg,2023,Septiembre,16,0.0
REGISTRO LLUVIAS SEPTIEMBRE 2023 001.jpg,2023,Septiembre,17,0.0
REGISTRO LLUVIAS SEPTIEMBRE 2023 001.jpg,2023,Septiembre,18,20.0
REGISTRO LLUVIAS SEPTIEMBRE 2023 001.jpg,2023,Septiembre,19,20.0
REGISTRO LLUVIAS SEPTIEMBRE 2023 001.jpg,2023,Septiembre,20,3.2
REGISTRO LLUVIAS SEPTIEMBRE 2023 001.jpg,2023,Septiembre,21,0.0
REGISTRO LLUVIAS SEPTIEMBRE 2023 001.jpg,2023,Septiembre,22,0.0
REGISTRO LLUVIAS SEPTIEMBRE 2023 001.jpg,2023,Septiembre,23,0.0
REGISTRO LLUVIAS SEPTIEMBRE 2023 001.jpg,2023,Septiembre,24,0.0
REGISTRO LLUVIAS SEPTIEMBRE 2023 001.jpg,2023,Septiembre,25,0.0
REGISTRO LLUVIAS SEPTIEMBRE 2023 001.jpg,2023,Septiembre,26,0.0
REGISTRO LLUVIAS SEPTIEMBRE 2023 001.jpg,2023,Septiembre,27,2.8
REGISTRO LLUVIAS SEPTIEMBRE 2023 001.jpg,2023,Septiembre,28,0.0
REGISTRO LLUVIAS SEPTIEMBRE 2023 001.jpg,2023,Septiembre,29,0.0
REGISTRO LLUVIAS SEPTIEMBRE 2023 001.jpg,2023,Septiembre,30,0.0
REGISTRO LLUVIAS SEPTIEMBRE 2023 001.jpg,2023,Septiembre,31,0.0
1. registro lluvia enero 2024 001.jpg,2024,Enero,1,0.0
1. registro lluvia enero 2024 001.jpg,2024,Enero,2,7.1
1. registro lluvia enero 2024 001.jpg,2024,Enero,3,0.0
1. registro lluvia enero 2024 001.jpg,2024,Enero,4,0.0
1. registro lluvia enero 2024 001.jpg,2024,Enero,5,0.0
1. registro lluvia enero 2024 001.jpg,2024,Enero,6,0.0
1. registro lluvia enero 2024 001.jpg,2024,Enero,7,0.0
1. registro lluvia enero 2024 001.jpg,2024,Enero,8,0.0
1. registro lluvia enero 2024 001.jpg,2024,Enero,9,3.0
1. registro lluvia enero 2024 001.jpg,2024,Enero,10,0.0
1. registro lluvia enero 2024 001.jpg,2024,Enero,11,0.0
1. registro lluvia enero 2024 001.jpg,2024,Enero,12,0.0
1. registro lluvia enero 2024 001.jpg,2024,Enero,13,0.0
1. registro lluvia enero 2024 001.jpg,2024,Enero,14,0.0
1. registro lluvia enero 2024 001.jpg,2024,Enero,15,0.0
1. registro lluvia enero 2024 001.jpg,2024,Enero,16,0.0
1. registro lluvia enero 2024 001.jpg,2024,Enero,17,30.6
1. registro lluvia enero 2024 001.jpg,2024,Enero,18,12.5
1. registro lluvia enero 2024 001.jpg,2024,Enero,19,0.6
1. registro lluvia enero 2024 001.jpg,2024,Enero,20,4.8
1. registro lluvia enero 2024 001.jpg,2024,Enero,21,0.0
1. registro lluvia enero 2024 001.jpg,2024,Enero,22,3.0
1. registro lluvia enero 2024 001.jpg,2024,Enero,23,0.0
1. registro lluvia enero 2024 001.jpg,2024,Enero,24,0.0
1. registro lluvia enero 2024 001.jpg,2024,Enero,25,0.0
1. registro lluvia enero 2024 001.jpg,2024,Enero,26,0.0
1. registro lluvia enero 2024 001.jpg,2024,Enero,27,0.0
1. registro lluvia enero 2024 001.jpg,2024,Enero,28,0.0
1. registro lluvia enero 2024 001.jpg,2024,Enero,29,0.0
1. registro lluvia enero 2024 001.jpg,2024,Enero,30,0.0
1. registro lluvia enero 2024 001.jpg,2024,Enero,31,0.0
10. registro lluvia octubre 2024 001.jpg,2024,octubre,1,0.0
10. registro lluvia octubre 2024 001.jpg,2024,octubre,2,0.8
10. registro lluvia octubre 2024 001.jpg,2024,octubre,3,0.0
10. registro lluvia octubre 2024 001.jpg,2024,octubre,4,0.0
10. registro lluvia octubre 2024 001.jpg,2024,octubre,5,0.0
10. registro lluvia octubre 2024 001.jpg,2024,octubre,6,0.0
10. registro lluvia octubre 2024 001.jpg,2024,octubre,7,3.6
10. registro lluvia octubre 2024 001.jpg,2024,octubre,8,55.0
10. registro lluvia octubre 2024 001.jpg,2024,octubre,9,10.2
10. registro lluvia octubre 2024 001.jpg,2024,octubre,10,82.0
10. registro lluvia octubre 2024 001.jpg,2024,octubre,11,3.0
10. registro lluvia octubre 2024 001.jpg,2024,octubre,12,0.0
10. registro lluvia octubre 2024 001.jpg,2024,octubre,13,0.0
10. registro lluvia octubre 2024 001.jpg,2024,octubre,14,0.0
10. registro lluvia octubre 2024 001.jpg,2024,octubre,15,0.0
10. registro lluvia octubre 2024 001.jpg,2024,octubre,16,19.8
10. registro lluvia octubre 2024 001.jpg,2024,octubre,17,0.0
10. registro lluvia octubre 2024 001.jpg,2024,octubre,18,21.7
10. registro lluvia octubre 2024 001.jpg,2024,octubre,19,0.0
10. registro lluvia octubre 2024 001.jpg,2024,octubre,20,0.0
10. registro lluvia octubre 2024 001.jpg,2024,octubre,21,0.0
10. registro lluvia octubre 2024 001.jpg,2024,octubre,22,0.0
10. registro lluvia octubre 2024 001.jpg,2024,octubre,23,0.0
10. registro lluvia octubre 2024 001.jpg,2024,octubre,24,11.4
10. registro lluvia octubre 2024 001.jpg,2024,octubre,25,10.5
10. registro lluvia octubre 2024 001.jpg,2024,octubre,26,0.0
10. registro lluvia octubre 2024 001.jpg,2024,octubre,27,0.0
10. registro lluvia octubre 2024 001.jpg,2024,octubre,28,0.0
10. registro lluvia octubre 2024 001.jpg,2024,octubre,29,0.0
10. registro lluvia octubre 2024 001.jpg,2024,octubre,30,0.0
10. registro lluvia octubre 2024 001.jpg,2024,octubre,31,0.0
11. registro lluvia noviembre 2024 001.jpg,2024,Noviembre,1,0.0
11. registro lluvia noviembre 2024 001.jpg,2024,Noviembre,2,34.0
11. registro lluvia noviembre 2024 001.jpg,2024,Noviembre,3,7.0
11. registro lluvia noviembre 2024 001.jpg,2024,Noviembre,4,0.6
11. registro lluvia noviembre 2024 001.jpg,2024,Noviembre,5,0.0
11. registro lluvia noviembre 2024 001.jpg,2024,Noviembre,6,0.0
11. registro lluvia noviembre 2024 001.jpg,2024,Noviembre,7,24.0
11. registro lluvia noviembre 2024 001.jpg,2024,Noviembre,8,26.0
11. registro lluvia noviembre 2024 001.jpg,2024,Noviembre,9,0.0
11. registro lluvia noviembre 2024 001.jpg,2024,Noviembre,10,0.0
11. registro lluvia noviembre 2024 001.jpg,2024,Noviembre,11,0.0
11. registro lluvia noviembre 2024 001.jpg,2024,Noviembre,12,2.4
11. registro lluvia noviembre 2024 001.jpg,2024,Noviembre,13,0.0
11. registro lluvia noviembre 2024 001.jpg,2024,Noviembre,14,0.0
11. registro lluvia noviembre 2024 001.jpg,2024,Noviembre,15,0.0
11. registro lluvia noviembre 2024 001.jpg,2024,Noviembre,16,0.0
11. registro lluvia noviembre 2024 001.jpg,2024,Noviembre,17,0.0
11. registro lluvia noviembre 2024 001.jpg,2024,Noviembre,18,9.0
11. registro lluvia noviembre 2024 001.jpg,2024,Noviembre,19,21.4
11. registro lluvia noviembre 2024 001.jpg,2024,Noviembre,20,13.0
11. registro lluvia noviembre 2024 001.jpg,2024,Noviembre,21,0.0
11. registro lluvia noviembre 2024 001.jpg,2024,Noviembre,22,11.0
11. registro lluvia noviembre 2024 001.jpg,2024,Noviembre,23,0.0
11. registro lluvia noviembre 2024 001.jpg,2024,Noviembre,24,0.0
11. registro lluvia noviembre 2024 001.jpg,2024,Noviembre,25,0.0
11. registro lluvia noviembre 2024 001.jpg,2024,Noviembre,26,0.0
11. registro lluvia noviembre 2024 001.jpg,2024,Noviembre,27,0.0
11. registro lluvia noviembre 2024 001.jpg,2024,Noviembre,28,48.0
11. registro lluvia noviembre 2024 001.jpg,2024,Noviembre,29,26.8
11. registro lluvia noviembre 2024 001.jpg,2024,Noviembre,30,0.0
11. registro lluvia noviembre 2024 001.jpg,2024,Noviembre,31,0.0
12. registro lluvia 12 2024 001.jpg,2024,Diciembre,1,67.0
12. registro lluvia 12 2024 001.jpg,2024,Diciembre,2,2.0
12. registro lluvia 12 2024 001.jpg,2024,Diciembre,3,0.0
12. registro lluvia 12 2024 001.jpg,2024,Diciembre,4,0.0
12. registro lluvia 12 2024 001.jpg,2024,Diciembre,5,0.0
12. registro lluvia 12 2024 001.jpg,2024,Diciembre,6,82.5
12. registro lluvia 12 2024 001.jpg,2024,Diciembre,7,30.4
12. registro lluvia 12 2024 001.jpg,2024,Diciembre,8,9.5
12. registro lluvia 12 2024 001.jpg,2024,Diciembre,9,22.8
12. registro lluvia 12 2024 001.jpg,2024,Diciembre,10,0.0
12. registro lluvia 12 2024 001.jpg,2024,Diciembre,11,0.0
12. registro lluvia 12 2024 001.jpg,2024,Diciembre,12,0.0
12. registro lluvia 12 2024 001.jpg,2024,Diciembre,13,1.0
12. registro lluvia 12 2024 001.jpg,2024,Diciembre,14,2.0
12. registro lluvia 12 2024 001.jpg,2024,Diciembre,15,0.0
12. registro lluvia 12 2024 001.jpg,2024,Diciembre,16,0.0
12. registro lluvia 12 2024 001.jpg,2024,Diciembre,17,0.0
12. registro lluvia 12 2024 001.jpg,2024,Diciembre,18,0.0
12. registro lluvia 12 2024 001.jpg,2024,Diciembre,19,0.0
12. registro lluvia 12 2024 001.jpg,2024,Diciembre,20,37.2
12. registro lluvia 12 2024 001.jpg,2024,Diciembre,21,0.0
12. registro lluvia 12 2024 001.jpg,2024,Diciembre,22,0.0
12. registro lluvia 12 2024 001.jpg,2024,Diciembre,23,0.0
12. registro lluvia 12 2024 001.jpg,2024,Diciembre,24,0.0
12. registro lluvia 12 2024 001.jpg,2024,Diciembre,25,0.0
12. registro lluvia 12 2024 001.jpg,2024,Diciembre,26,0.0
12. registro lluvia 12 2024 001.jpg,2024,Diciembre,27,0.0
12. registro lluvia 12 2024 001.jpg,2024,Diciembre,28,0.0
12. registro lluvia 12 2024 001.jpg,2024,Diciembre,29,0.0
12. registro lluvia 12 2024 001.jpg,2024,Diciembre,30,0.0
12. registro lluvia 12 2024 001.jpg,2024,Diciembre,31,0.0
2. registro  lluvia febrero 2024 001.jpg,2024,Febrero,1,0.0
2. registro  lluvia febrero 2024 001.jpg,2024,Febrero,2,0.0
2. registro  lluvia febrero 2024 001.jpg,2024,Febrero,3,0.0
2. registro  lluvia febrero 2024 001.jpg,2024,Febrero,4,0.0
2. registro  lluvia febrero 2024 001.jpg,2024,Febrero,5,3.5
2. registro  lluvia febrero 2024 001.jpg,2024,Febrero,6,0.0
2. registro  lluvia febrero 2024 001.jpg,2024,Febrero,7,0.0
2. registro  lluvia febrero 2024 001.jpg,2024,Febrero,8,16.0
2. registro  lluvia febrero 2024 001.jpg,2024,Febrero,9,0.8
2. registro  lluvia febrero 2024 001.jpg,2024,Febrero,10,0.0
2. registro  lluvia febrero 2024 001.jpg,2024,Febrero,11,0.0
2. registro  lluvia febrero 2024 001.jpg,2024,Febrero,12,0.0
2. registro  lluvia febrero 2024 001.jpg,2024,Febrero,13,1.0
2. registro  lluvia febrero 2024 001.jpg,2024,Febrero,14,27.5
2. registro  lluvia febrero 2024 001.jpg,2024,Febrero,15,1.0
2. registro  lluvia febrero 2024 001.jpg,2024,Febrero,16,0.5
2. registro  lluvia febrero 2024 001.jpg,2024,Febrero,17,0.0
2. registro  lluvia febrero 2024 001.jpg,2024,Febrero,18,0.0
2. registro  lluvia febrero 2024 001.jpg,2024,Febrero,19,4.0
2. registro  lluvia febrero 2024 001.jpg,2024,Febrero,20,0.0
2. registro  lluvia febrero 2024 001.jpg,2024,Febrero,21,2.5
2. registro  lluvia febrero 2024 001.jpg,2024,Febrero,22,0.0
2. registro  lluvia febrero 2024 001.jpg,2024,Febrero,23,0.0
2. registro  lluvia febrero 2024 001.jpg,2024,Febrero,24,0.0
2. registro  lluvia febrero 2024 001.jpg,2024,Febrero,25,0.0
2. registro  lluvia febrero 2024 001.jpg,2024,Febrero,26,37.0
2. registro  lluvia febrero 2024 001.jpg,2024,Febrero,27,23.5
2. registro  lluvia febrero 2024 001.jpg,2024,Febrero,28,24.8
2. registro  lluvia febrero 2024 001.jpg,2024,Febrero,29,28.2
2. registro  lluvia febrero 2024 001.jpg,2024,Febrero,30,0.0
2. registro  lluvia febrero 2024 001.jpg,2024,Febrero,31,0.0
3. registro lluvia marzo 2024 001.jpg,2024,Marzo,1,8.0
3. registro lluvia marzo 2024 001.jpg,2024,Marzo,2,0.0
3. registro lluvia marzo 2024 001.jpg,2024,Marzo,3,0.0
3. registro lluvia marzo 2024 001.jpg,2024,Marzo,4,8.0
3. registro lluvia marzo 2024 001.jpg,2024,Marzo,5,16.5
3. registro lluvia marzo 2024 001.jpg,2024,Marzo,6,0.0
3. registro lluvia marzo 2024 001.jpg,2024,Marzo,7,0.0
3. registro lluvia marzo 2024 001.jpg,2024,Marzo,8,15.0
3. registro lluvia marzo 2024 001.jpg,2024,Marzo,9,42.0
3. registro lluvia marzo 2024 001.jpg,2024,Marzo,10,12.5
3. registro lluvia marzo 2024 001.jpg,2024,Marzo,11,0.0
3. registro lluvia marzo 2024 001.jpg,2024,Marzo,12,0.0
3. registro lluvia marzo 2024 001.jpg,2024,Marzo,13,0.0
3. registro lluvia marzo 2024 001.jpg,2024,Marzo,14,0.0
3. registro lluvia marzo 2024 001.jpg,2024,Marzo,15,4.4
3. registro lluvia marzo 2024 001.jpg,2024,Marzo,16,64.3
3. registro lluvia marzo 2024 001.jpg,2024,Marzo,17,4.0
3. registro lluvia marzo 2024 001.jpg,2024,Marzo,18,4.0
3. registro lluvia marzo 2024 001.jpg,2024,Marzo,19,3.5
3. registro lluvia marzo 2024 001.jpg,2024,Marzo,20,3.0
3. registro lluvia marzo 2024 001.jpg,2024,Marzo,21,4.0
3. registro lluvia marzo 2024 001.jpg,2024,Marzo,22,0.0
3. registro lluvia marzo 2024 001.jpg,2024,Marzo,23,0.0
3. registro lluvia marzo 2024 001.jpg,2024,Marzo,24,0.0
3. registro lluvia marzo 2024 001.jpg,2024,Marzo,25,0.0
3. registro lluvia marzo 2024 001.jpg,2024,Marzo,26,0.0
3. registro lluvia marzo 2024 001.jpg,2024,Marzo,27,0.0
3. registro lluvia marzo 2024 001.jpg,2024,Marzo,28,0.0
3. registro lluvia marzo 2024 001.jpg,2024,Marzo,29,0.0
3. registro lluvia marzo 2024 001.jpg,2024,Marzo,30,0.0
3. registro lluvia marzo 2024 001.jpg,2024,Marzo,31,0.0
4. registro lluvia abril 2024 001.jpg,2024,Abril,1,0.0
4. registro lluvia abril 2024 001.jpg,2024,Abril,2,0.0
4. registro lluvia abril 2024 001.jpg,2024,Abril,3,0.0
4. registro lluvia abril 2024 001.jpg,2024,Abril,4,0.0
4. registro lluvia abril 2024 001.jpg,2024,Abril,5,0.0
4. registro lluvia abril 2024 001.jpg,2024,Abril,6,0.0
4. registro lluvia abril 2024 001.jpg,2024,Abril,7,35.0
4. registro lluvia abril 2024 001.jpg,2024,Abril,8,28.5
4. registro lluvia abril 2024 001.jpg,2024,Abril,9,0.0
4. registro lluvia abril 2024 001.jpg,2024,Abril,10,4.6
4. registro lluvia abril 2024 001.jpg,2024,Abril,11,3.0
4. registro lluvia abril 2024 001.jpg,2024,Abril,12,0.0
4. registro lluvia abril 2024 001.jpg,2024,Abril,13,0.0
4. registro lluvia abril 2024 001.jpg,2024,Abril,14,27.0
4. registro lluvia abril 2024 001.jpg,2024,Abril,15,4.8
4. registro lluvia abril 2024 001.jpg,2024,Abril,16,6.5
4. registro lluvia abril 2024 001.jpg,2024,Abril,17,14.5
4. registro lluvia abril 2024 001.jpg,2024,Abril,18,0.0
4. registro lluvia abril 2024 001.jpg,2024,Abril,19,0.0
4. registro lluvia abril 2024 001.jpg,2024,Abril,20,0.0
4. registro lluvia abril 2024 001.jpg,2024,Abril,21,0.0
4. registro lluvia abril 2024 001.jpg,2024,Abril,22,0.0
4. registro lluvia abril 2024 001.jpg,2024,Abril,23,102.0
4. registro lluvia abril 2024 001.jpg,2024,Abril,24,102.5
4. registro lluvia abril 2024 001.jpg,2024,Abril,25,0.0
4. registro lluvia abril 2024 001.jpg,2024,Abril,26,0.0
4. registro lluvia abril 2024 001.jpg,2024,Abril,27,0.0
4. registro lluvia abril 2024 001.jpg,2024,Abril,28,4.5
4. registro lluvia abril 2024 001.jpg,2024,Abril,29,2.0
4. registro lluvia abril 2024 001.jpg,2024,Abril,30,0.0
4. registro lluvia abril 2024 001.jpg,2024,Abril,31,0.0
5. registro lluvia mayo 2024 001.jpg,2024,Mayo,1,2.0
5. registro lluvia mayo 2024 001.jpg,2024,Mayo,2,55.5
5. registro lluvia mayo 2024 001.jpg,2024,Mayo,3,47.0
5. registro lluvia mayo 2024 001.jpg,2024,Mayo,4,15.0
5. registro lluvia mayo 2024 001.jpg,2024,Mayo,5,0.0
5. registro lluvia mayo 2024 001.jpg,2024,Mayo,6,0.0
5. registro lluvia mayo 2024 001.jpg,2024,Mayo,7,0.0
5. registro lluvia mayo 2024 001.jpg,2024,Mayo,8,0.0
5. registro lluvia mayo 2024 001.jpg,2024,Mayo,9,6.0
5. registro lluvia mayo 2024 001.jpg,2024,Mayo,10,7.0
5. registro lluvia mayo 2024 001.jpg,2024,Mayo,11,0.0
5. registro lluvia mayo 2024 001.jpg,2024,Mayo,12,0.0
5. registro lluvia mayo 2024 001.jpg,2024,Mayo,13,13.6
5. registro lluvia mayo 2024 001.jpg,2024,Mayo,14,4.9
5. registro lluvia mayo 2024 001.jpg,2024,Mayo,15,0.0
5. registro lluvia mayo 2024 001.jpg,2024,Mayo,16,0.0
5. registro lluvia mayo 2024 001.jpg,2024,Mayo,17,5.69
5. registro lluvia mayo 2024 001.jpg,2024,Mayo,18,1.29
5. registro lluvia mayo 2024 001.jpg,2024,Mayo,19,0.0
5. registro lluvia mayo 2024 001.jpg,2024,Mayo,20,0.0
5. registro lluvia mayo 2024 001.jpg,2024,Mayo,21,0.0
5. registro lluvia mayo 2024 001.jpg,2024,Mayo,22,0.0
5. registro lluvia mayo 2024 001.jpg,2024,Mayo,23,0.0
5. registro lluvia mayo 2024 001.jpg,2024,Mayo,24,0.0
5. registro lluvia mayo 2024 001.jpg,2024,Mayo,25,0.0
5. registro lluvia mayo 2024 001.jpg,2024,Mayo,26,0.0
5. registro lluvia mayo 2024 001.jpg,2024,Mayo,27,0.0
5. registro lluvia mayo 2024 001.jpg,2024,Mayo,28,0.0
5. registro lluvia mayo 2024 001.jpg,2024,Mayo,29,0.0
5. registro lluvia mayo 2024 001.jpg,2024,Mayo,30,0.0
5. registro lluvia mayo 2024 001.jpg,2024,Mayo,31,0.0
6. registro lluvia junio 2024 001.jpg,2024,Junio,1,0.0
6. registro lluvia junio 2024 001.jpg,2024,Junio,2,0.0
6. registro lluvia junio 2024 001.jpg,2024,Junio,3,0.0
6. registro lluvia junio 2024 001.jpg,2024,Junio,4,0.0
6. registro lluvia junio 2024 001.jpg,2024,Junio,5,0.0
6. registro lluvia junio 2024 001.jpg,2024,Junio,6,0.0
6. registro lluvia junio 2024 001.jpg,2024,Junio,7,0.0
6. registro lluvia junio 2024 001.jpg,2024,Junio,8,0.0
6. registro lluvia junio 2024 001.jpg,2024,Junio,9,0.0
6. registro lluvia junio 2024 001.jpg,2024,Junio,10,0.0
6. registro lluvia junio 2024 001.jpg,2024,Junio,11,0.0
6. registro lluvia junio 2024 001.jpg,2024,Junio,12,0.0
6. registro lluvia junio 2024 001.jpg,2024,Junio,13,0.0
6. registro lluvia junio 2024 001.jpg,2024,Junio,14,0.0
6. registro lluvia junio 2024 001.jpg,2024,Junio,15,2.3
6. registro lluvia junio 2024 001.jpg,2024,Junio,16,3.3
6. registro lluvia junio 2024 001.jpg,2024,Junio,17,25.0
6. registro lluvia junio 2024 001.jpg,2024,Junio,18,45.0
6. registro lluvia junio 2024 001.jpg,2024,Junio,19,5.0
6. registro lluvia junio 2024 001.jpg,2024,Junio,20,8.2
6. registro lluvia junio 2024 001.jpg,2024,Junio,21,7.2
6. registro lluvia junio 2024 001.jpg,2024,Junio,22,0.0
6. registro lluvia junio 2024 001.jpg,2024,Junio,23,0.0
6. registro lluvia junio 2024 001.jpg,2024,Junio,24,26.0
6. registro lluvia junio 2024 001.jpg,2024,Junio,25,3.5
6. registro lluvia junio 2024 001.jpg,2024,Junio,26,0.0
6. registro lluvia junio 2024 001.jpg,2024,Junio,27,0.0
6. registro lluvia junio 2024 001.jpg,2024,Junio,28,0.0
6. registro lluvia junio 2024 001.jpg,2024,Junio,29,0.0
6. registro lluvia junio 2024 001.jpg,2024,Junio,30,0.0
6. registro lluvia junio 2024 001.jpg,2024,Junio,31,0.0
7. registro lluvia julio 2024 001.jpg,2024,Julio,1,0.0
7. registro lluvia julio 2024 001.jpg,2024,Julio,2,0.0
7. registro lluvia julio 2024 001.jpg,2024,Julio,3,0.0
7. registro lluvia julio 2024 001.jpg,2024,Julio,4,0.0
7. registro lluvia julio 2024 001.jpg,2024,Julio,5,0.0
7. registro lluvia julio 2024 001.jpg,2024,Julio,6,4.0
7. registro lluvia julio 2024 001.jpg,2024,Julio,7,28.2
7. registro lluvia julio 2024 001.jpg,2024,Julio,8,26.2
7. registro lluvia julio 2024 001.jpg,2024,Julio,9,0.0
7. registro lluvia julio 2024 001.jpg,2024,Julio,10,4.0
7. registro lluvia julio 2024 001.jpg,2024,Julio,11,6.5
7. registro lluvia julio 2024 001.jpg,2024,Julio,12,0.0
7. registro lluvia julio 2024 001.jpg,2024,Julio,13,0.0
7. registro lluvia julio 2024 001.jpg,2024,Julio,14,25.0
7. registro lluvia julio 2024 001.jpg,2024,Julio,15,0.0
7. registro lluvia julio 2024 001.jpg,2024,Julio,16,0.0
7. registro lluvia julio 2024 001.jpg,2024,Julio,17,0.0
7. registro lluvia julio 2024 001.jpg,2024,Julio,18,0.0
7. registro lluvia julio 2024 001.jpg,2024,Julio,19,0.0
7. registro lluvia julio 2024 001.jpg,2024,Julio,20,0.0
7. registro lluvia julio 2024 001.jpg,2024,Julio,21,0.0
7. registro lluvia julio 2024 001.jpg,2024,Julio,22,0.0
7. registro lluvia julio 2024 001.jpg,2024,Julio,23,0.0
7. registro lluvia julio 2024 001.jpg,2024,Julio,24,0.0
7. registro lluvia julio 2024 001.jpg,2024,Julio,25,0.0
7. registro lluvia julio 2024 001.jpg,2024,Julio,26,0.0
7. registro lluvia julio 2024 001.jpg,2024,Julio,27,14.4
7. registro lluvia julio 2024 001.jpg,2024,Julio,28,0.8
7. registro lluvia julio 2024 001.jpg,2024,Julio,29,44.7
7. registro lluvia julio 2024 001.jpg,2024,Julio,30,1.0
7. registro lluvia julio 2024 001.jpg,2024,Julio,31,0.0
8. registro lluvia agosto 2024 001.jpg,2024,Agosto,1,0.0
8. registro lluvia agosto 2024 001.jpg,2024,Agosto,2,0.0
8. registro lluvia agosto 2024 001.jpg,2024,Agosto,3,0.0
8. registro lluvia agosto 2024 001.jpg,2024,Agosto,4,0.5
8. registro lluvia agosto 2024 001.jpg,2024,Agosto,5,21.2
8. registro lluvia agosto 2024 001.jpg,2024,Agosto,6,1.5
8. registro lluvia agosto 2024 001.jpg,2024,Agosto,7,0.0
8. registro lluvia agosto 2024 001.jpg,2024,Agosto,8,36.0
8. registro lluvia agosto 2024 001.jpg,2024,Agosto,9,0.0
8. registro lluvia agosto 2024 001.jpg,2024,Agosto,10,0.0
8. registro lluvia agosto 2024 001.jpg,2024,Agosto,11,0.0
8. registro lluvia agosto 2024 001.jpg,2024,Agosto,12,0.0
8. registro lluvia agosto 2024 001.jpg,2024,Agosto,13,0.0
8. registro lluvia agosto 2024 001.jpg,2024,Agosto,14,0.0
8. registro lluvia agosto 2024 001.jpg,2024,Agosto,15,0.0
8. registro lluvia agosto 2024 001.jpg,2024,Agosto,16,0.0
8. registro lluvia agosto 2024 001.jpg,2024,Agosto,17,0.0
8. registro lluvia agosto 2024 001.jpg,2024,Agosto,18,0.0
8. registro lluvia agosto 2024 001.jpg,2024,Agosto,19,0.0
8. registro lluvia agosto 2024 001.jpg,2024,Agosto,20,0.0
8. registro lluvia agosto 2024 001.jpg,2024,Agosto,21,0.0
8. registro lluvia agosto 2024 001.jpg,2024,Agosto,22,0.0
8. registro lluvia agosto 2024 001.jpg,2024,Agosto,23,49.0
8. registro lluvia agosto 2024 001.jpg,2024,Agosto,24,0.8
8. registro lluvia agosto 2024 001.jpg,2024,Agosto,25,0.0
8. registro lluvia agosto 2024 001.jpg,2024,Agosto,26,0.0
8. registro lluvia agosto 2024 001.jpg,2024,Agosto,27,0.0
8. registro lluvia agosto 2024 001.jpg,2024,Agosto,28,0.0
8. registro lluvia agosto 2024 001.jpg,2024,Agosto,29,0.0
8. registro lluvia agosto 2024 001.jpg,2024,Agosto,30,0.0
8. registro lluvia agosto 2024 001.jpg,2024,Agosto,31,0.0
9. registro lluvia septiembre 2024 001.jpg,2024,Septiembre,1,0.0
9. registro lluvia septiembre 2024 001.jpg,2024,Septiembre,2,0.0
9. registro lluvia septiembre 2024 001.jpg,2024,Septiembre,3,0.0
9. registro lluvia septiembre 2024 001.jpg,2024,Septiembre,4,0.0
9. registro lluvia septiembre 2024 001.jpg,2024,Septiembre,5,2.5
9. registro lluvia septiembre 2024 001.jpg,2024,Septiembre,6,0.0
9. registro lluvia septiembre 2024 001.jpg,2024,Septiembre,7,0.0
9. registro lluvia septiembre 2024 001.jpg,2024,Septiembre,8,0.0
9. registro lluvia septiembre 2024 001.jpg,2024,Septiembre,9,0.0
9. registro lluvia septiembre 2024 001.jpg,2024,Septiembre,10,0.0
9. registro lluvia septiembre 2024 001.jpg,2024,Septiembre,11,0.0
9. registro lluvia septiembre 2024 001.jpg,2024,Septiembre,12,19.0
9. registro lluvia septiembre 2024 001.jpg,2024,Septiembre,13,13.4
9. registro lluvia septiembre 2024 001.jpg,2024,Septiembre,14,0.0
9. registro lluvia septiembre 2024 001.jpg,2024,Septiembre,15,0.0
9. registro lluvia septiembre 2024 001.jpg,2024,Septiembre,16,0.0
9. registro lluvia septiembre 2024 001.jpg,2024,Septiembre,17,0.0
9. registro lluvia septiembre 2024 001.jpg,2024,Septiembre,18,0.0
9. registro lluvia septiembre 2024 001.jpg,2024,Septiembre,19,0.0
9. registro lluvia septiembre 2024 001.jpg,2024,Septiembre,20,9.0
9. registro lluvia septiembre 2024 001.jpg,2024,Septiembre,21,32.0
9. registro lluvia septiembre 2024 001.jpg,2024,Septiembre,22,0.0
9. registro lluvia septiembre 2024 001.jpg,2024,Septiembre,23,0.0
9. registro lluvia septiembre 2024 001.jpg,2024,Septiembre,24,0.0
9. registro lluvia septiembre 2024 001.jpg,2024,Septiembre,25,0.0
9. registro lluvia septiembre 2024 001.jpg,2024,Septiembre,26,5.0
9. registro lluvia septiembre 2024 001.jpg,2024,Septiembre,27,11.2
9. registro lluvia septiembre 2024 001.jpg,2024,Septiembre,28,0.0
9. registro lluvia septiembre 2024 001.jpg,2024,Septiembre,29,0.0
9. registro lluvia septiembre 2024 001.jpg,2024,Septiembre,30,0.0
9. registro lluvia septiembre 2024 001.jpg,2024,Septiembre,31,0.0
1. Registro de lluvia 01-2025.jpg,2025,Enero,1,4.8
1. Registro de lluvia 01-2025.jpg,2025,Enero,2,0.0
1. Registro de lluvia 01-2025.jpg,2025,Enero,3,0.0
1. Registro de lluvia 01-2025.jpg,2025,Enero,4,0.0
1. Registro de lluvia 01-2025.jpg,2025,Enero,5,0.0
1. Registro de lluvia 01-2025.jpg,2025,Enero,6,0.0
1. Registro de lluvia 01-2025.jpg,2025,Enero,7,0.0
1. Registro de lluvia 01-2025.jpg,2025,Enero,8,0.0
1. Registro de lluvia 01-2025.jpg,2025,Enero,9,0.0
1. Registro de lluvia 01-2025.jpg,2025,Enero,10,28.0
1. Registro de lluvia 01-2025.jpg,2025,Enero,11,0.0
1. Registro de lluvia 01-2025.jpg,2025,Enero,12,0.0
1. Registro de lluvia 01-2025.jpg,2025,Enero,13,0.0
1. Registro de lluvia 01-2025.jpg,2025,Enero,14,906.0
1. Registro de lluvia 01-2025.jpg,2025,Enero,15,7.0
1. Registro de lluvia 01-2025.jpg,2025,Enero,16,5.0
1. Registro de lluvia 01-2025.jpg,2025,Enero,17,0.0
1. Registro de lluvia 01-2025.jpg,2025,Enero,18,0.0
1. Registro de lluvia 01-2025.jpg,2025,Enero,19,0.0
1. Registro de lluvia 01-2025.jpg,2025,Enero,20,0.0
1. Registro de lluvia 01-2025.jpg,2025,Enero,21,0.0
1. Registro de lluvia 01-2025.jpg,2025,Enero,22,0.0
1. Registro de lluvia 01-2025.jpg,2025,Enero,23,5.0
1. Registro de lluvia 01-2025.jpg,2025,Enero,24,51.0
1. Registro de lluvia 01-2025.jpg,2025,Enero,25,25.2
1. Registro de lluvia 01-2025.jpg,2025,Enero,26,0.0
1. Registro de lluvia 01-2025.jpg,2025,Enero,27,10.2
1. Registro de lluvia 01-2025.jpg,2025,Enero,28,0.0
1. Registro de lluvia 01-2025.jpg,2025,Enero,29,0.0
1. Registro de lluvia 01-2025.jpg,2025,Enero,30,16.5
1. Registro de lluvia 01-2025.jpg,2025,Enero,31,0.0
10. Registro de lluvia 10-2025.jpg,2025,octubre,1,0.0
10. Registro de lluvia 10-2025.jpg,2025,octubre,2,4.3
10. Registro de lluvia 10-2025.jpg,2025,octubre,3,0.0
10. Registro de lluvia 10-2025.jpg,2025,octubre,4,0.0
10. Registro de lluvia 10-2025.jpg,2025,octubre,5,0.0
10. Registro de lluvia 10-2025.jpg,2025,octubre,6,17.5
10. Registro de lluvia 10-2025.jpg,2025,octubre,7,0.0
10. Registro de lluvia 10-2025.jpg,2025,octubre,8,0.0
10. Registro de lluvia 10-2025.jpg,2025,octubre,9,0.0
10. Registro de lluvia 10-2025.jpg,2025,octubre,10,0.0
10. Registro de lluvia 10-2025.jpg,2025,octubre,11,0.0
10. Registro de lluvia 10-2025.jpg,2025,octubre,12,35.5
10. Registro de lluvia 10-2025.jpg,2025,octubre,13,14.5
10. Registro de lluvia 10-2025.jpg,2025,octubre,14,0.0
10. Registro de lluvia 10-2025.jpg,2025,octubre,15,0.0
10. Registro de lluvia 10-2025.jpg,2025,octubre,16,73.0
10. Registro de lluvia 10-2025.jpg,2025,octubre,17,26.0
10. Registro de lluvia 10-2025.jpg,2025,octubre,18,0.0
10. Registro de lluvia 10-2025.jpg,2025,octubre,19,0.0
10. Registro de lluvia 10-2025.jpg,2025,octubre,20,0.0
10. Registro de lluvia 10-2025.jpg,2025,octubre,21,0.0
10. Registro de lluvia 10-2025.jpg,2025,octubre,22,0.0
10. Registro de lluvia 10-2025.jpg,2025,octubre,23,0.0
10. Registro de lluvia 10-2025.jpg,2025,octubre,24,0.0
10. Registro de lluvia 10-2025.jpg,2025,octubre,25,19.5
10. Registro de lluvia 10-2025.jpg,2025,octubre,26,0.0
10. Registro de lluvia 10-2025.jpg,2025,octubre,27,0.0
10. Registro de lluvia 10-2025.jpg,2025,octubre,28,55.0
10. Registro de lluvia 10-2025.jpg,2025,octubre,29,0.0
10. Registro de lluvia 10-2025.jpg,2025,octubre,30,0.0
10. Registro de lluvia 10-2025.jpg,2025,octubre,31,0.0
12. Registro de lluvia 12-25.jpg,2025,Diciembre,1,14.0
12. Registro de lluvia 12-25.jpg,2025,Diciembre,2,0.0
12. Registro de lluvia 12-25.jpg,2025,Diciembre,3,0.0
12. Registro de lluvia 12-25.jpg,2025,Diciembre,4,0.0
12. Registro de lluvia 12-25.jpg,2025,Diciembre,5,0.0
12. Registro de lluvia 12-25.jpg,2025,Diciembre,6,0.0
12. Registro de lluvia 12-25.jpg,2025,Diciembre,7,0.0
12. Registro de lluvia 12-25.jpg,2025,Diciembre,8,3.0
12. Registro de lluvia 12-25.jpg,2025,Diciembre,9,34.2
12. Registro de lluvia 12-25.jpg,2025,Diciembre,10,1.0
12. Registro de lluvia 12-25.jpg,2025,Diciembre,11,0.0
12. Registro de lluvia 12-25.jpg,2025,Diciembre,12,5.2
12. Registro de lluvia 12-25.jpg,2025,Diciembre,13,0.0
12. Registro de lluvia 12-25.jpg,2025,Diciembre,14,10.4
12. Registro de lluvia 12-25.jpg,2025,Diciembre,15,0.0
12. Registro de lluvia 12-25.jpg,2025,Diciembre,16,0.0
12. Registro de lluvia 12-25.jpg,2025,Diciembre,17,0.0
12. Registro de lluvia 12-25.jpg,2025,Diciembre,18,0.0
12. Registro de lluvia 12-25.jpg,2025,Diciembre,19,0.0
12. Registro de lluvia 12-25.jpg,2025,Diciembre,20,0.0
12. Registro de lluvia 12-25.jpg,2025,Diciembre,21,0.0
12. Registro de lluvia 12-25.jpg,2025,Diciembre,22,46.0
12. Registro de lluvia 12-25.jpg,2025,Diciembre,23,31.2
12. Registro de lluvia 12-25.jpg,2025,Diciembre,24,19.5
12. Registro de lluvia 12-25.jpg,2025,Diciembre,25,0.0
12. Registro de lluvia 12-25.jpg,2025,Diciembre,26,0.8
12. Registro de lluvia 12-25.jpg,2025,Diciembre,27,8.5
12. Registro de lluvia 12-25.jpg,2025,Diciembre,28,2.5
12. Registro de lluvia 12-25.jpg,2025,Diciembre,29,32.5
12. Registro de lluvia 12-25.jpg,2025,Diciembre,30,36.2
12. Registro de lluvia 12-25.jpg,2025,Diciembre,31,5.5
2. Registro de lluvia 02-2025.jpg,2025,Febrero,1,0.0
2. Registro de lluvia 02-2025.jpg,2025,Febrero,2,5.0
2. Registro de lluvia 02-2025.jpg,2025,Febrero,3,0.0
2. Registro de lluvia 02-2025.jpg,2025,Febrero,4,0.0
2. Registro de lluvia 02-2025.jpg,2025,Febrero,5,0.0
2. Registro de lluvia 02-2025.jpg,2025,Febrero,6,0.0
2. Registro de lluvia 02-2025.jpg,2025,Febrero,7,3.0
2. Registro de lluvia 02-2025.jpg,2025,Febrero,8,0.0
2. Registro de lluvia 02-2025.jpg,2025,Febrero,9,0.0
2. Registro de lluvia 02-2025.jpg,2025,Febrero,10,0.6
2. Registro de lluvia 02-2025.jpg,2025,Febrero,11,0.0
2. Registro de lluvia 02-2025.jpg,2025,Febrero,12,0.0
2. Registro de lluvia 02-2025.jpg,2025,Febrero,13,0.0
2. Registro de lluvia 02-2025.jpg,2025,Febrero,14,11.0
2. Registro de lluvia 02-2025.jpg,2025,Febrero,15,0.0
2. Registro de lluvia 02-2025.jpg,2025,Febrero,16,2.0
2. Registro de lluvia 02-2025.jpg,2025,Febrero,17,0.0
2. Registro de lluvia 02-2025.jpg,2025,Febrero,18,19.6
2. Registro de lluvia 02-2025.jpg,2025,Febrero,19,0.0
2. Registro de lluvia 02-2025.jpg,2025,Febrero,20,0.0
2. Registro de lluvia 02-2025.jpg,2025,Febrero,21,2.0
2. Registro de lluvia 02-2025.jpg,2025,Febrero,22,0.0
2. Registro de lluvia 02-2025.jpg,2025,Febrero,23,0.0
2. Registro de lluvia 02-2025.jpg,2025,Febrero,24,4.0
2. Registro de lluvia 02-2025.jpg,2025,Febrero,25,0.0
2. Registro de lluvia 02-2025.jpg,2025,Febrero,26,0.0
2. Registro de lluvia 02-2025.jpg,2025,Febrero,27,12.2
2. Registro de lluvia 02-2025.jpg,2025,Febrero,28,0.8
2. Registro de lluvia 02-2025.jpg,2025,Febrero,29,0.0
2. Registro de lluvia 02-2025.jpg,2025,Febrero,30,0.0
2. Registro de lluvia 02-2025.jpg,2025,Febrero,31,0.0
3. Registro de  lluvia 03 2025.jpg,2025,Marzo,1,0.0
3. Registro de  lluvia 03 2025.jpg,2025,Marzo,2,0.0
3. Registro de  lluvia 03 2025.jpg,2025,Marzo,3,0.0
3. Registro de  lluvia 03 2025.jpg,2025,Marzo,4,0.0
3. Registro de  lluvia 03 2025.jpg,2025,Marzo,5,0.0
3. Registro de  lluvia 03 2025.jpg,2025,Marzo,6,0.0
3. Registro de  lluvia 03 2025.jpg,2025,Marzo,7,0.0
3. Registro de  lluvia 03 2025.jpg,2025,Marzo,8,0.0
3. Registro de  lluvia 03 2025.jpg,2025,Marzo,9,0.0
3. Registro de  lluvia 03 2025.jpg,2025,Marzo,10,4.4
3. Registro de  lluvia 03 2025.jpg,2025,Marzo,11,0.0
3. Registro de  lluvia 03 2025.jpg,2025,Marzo,12,0.0
3. Registro de  lluvia 03 2025.jpg,2025,Marzo,13,0.0
3. Registro de  lluvia 03 2025.jpg,2025,Marzo,14,0.0
3. Registro de  lluvia 03 2025.jpg,2025,Marzo,15,0.0
3. Registro de  lluvia 03 2025.jpg,2025,Marzo,16,0.0
3. Registro de  lluvia 03 2025.jpg,2025,Marzo,17,0.0
3. Registro de  lluvia 03 2025.jpg,2025,Marzo,18,0.0
3. Registro de  lluvia 03 2025.jpg,2025,Marzo,19,0.0
3. Registro de  lluvia 03 2025.jpg,2025,Marzo,20,0.0
3. Registro de  lluvia 03 2025.jpg,2025,Marzo,21,0.0
3. Registro de  lluvia 03 2025.jpg,2025,Marzo,22,0.0
3. Registro de  lluvia 03 2025.jpg,2025,Marzo,23,0.0
3. Registro de  lluvia 03 2025.jpg,2025,Marzo,24,0.0
3. Registro de  lluvia 03 2025.jpg,2025,Marzo,25,5.4
3. Registro de  lluvia 03 2025.jpg,2025,Marzo,26,0.0
3. Registro de  lluvia 03 2025.jpg,2025,Marzo,27,54.0
3. Registro de  lluvia 03 2025.jpg,2025,Marzo,28,2.0
3. Registro de  lluvia 03 2025.jpg,2025,Marzo,29,0.0
3. Registro de  lluvia 03 2025.jpg,2025,Marzo,30,0.0
3. Registro de  lluvia 03 2025.jpg,2025,Marzo,31,0.0
4. Registro de lluvia 04-2025.jpg,2025,Abril,1,1.5
4. Registro de lluvia 04-2025.jpg,2025,Abril,2,31.3
4. Registro de lluvia 04-2025.jpg,2025,Abril,3,0.0
4. Registro de lluvia 04-2025.jpg,2025,Abril,4,0.0
4. Registro de lluvia 04-2025.jpg,2025,Abril,5,0.0
4. Registro de lluvia 04-2025.jpg,2025,Abril,6,0.0
4. Registro de lluvia 04-2025.jpg,2025,Abril,7,0.0
4. Registro de lluvia 04-2025.jpg,2025,Abril,8,63.0
4. Registro de lluvia 04-2025.jpg,2025,Abril,9,10.2
4. Registro de lluvia 04-2025.jpg,2025,Abril,10,0.0
4. Registro de lluvia 04-2025.jpg,2025,Abril,11,0.0
4. Registro de lluvia 04-2025.jpg,2025,Abril,12,2.0
4. Registro de lluvia 04-2025.jpg,2025,Abril,13,26.6
4. Registro de lluvia 04-2025.jpg,2025,Abril,14,0.0
4. Registro de lluvia 04-2025.jpg,2025,Abril,15,0.0
4. Registro de lluvia 04-2025.jpg,2025,Abril,16,0.0
4. Registro de lluvia 04-2025.jpg,2025,Abril,17,0.0
4. Registro de lluvia 04-2025.jpg,2025,Abril,18,0.0
4. Registro de lluvia 04-2025.jpg,2025,Abril,19,0.4
4. Registro de lluvia 04-2025.jpg,2025,Abril,20,0.0
4. Registro de lluvia 04-2025.jpg,2025,Abril,21,0.0
4. Registro de lluvia 04-2025.jpg,2025,Abril,22,0.0
4. Registro de lluvia 04-2025.jpg,2025,Abril,23,0.0
4. Registro de lluvia 04-2025.jpg,2025,Abril,24,2.0
4. Registro de lluvia 04-2025.jpg,2025,Abril,25,0.0
4. Registro de lluvia 04-2025.jpg,2025,Abril,26,0.0
4. Registro de lluvia 04-2025.jpg,2025,Abril,27,0.5
4. Registro de lluvia 04-2025.jpg,2025,Abril,28,0.0
4. Registro de lluvia 04-2025.jpg,2025,Abril,29,0.0
4. Registro de lluvia 04-2025.jpg,2025,Abril,30,0.0
4. Registro de lluvia 04-2025.jpg,2025,Abril,31,0.0
5. Registro de lluvia 05-2025.jpg,2025,Mayo,1,0.0
5. Registro de lluvia 05-2025.jpg,2025,Mayo,2,0.0
5. Registro de lluvia 05-2025.jpg,2025,Mayo,3,1.5
5. Registro de lluvia 05-2025.jpg,2025,Mayo,4,0.0
5. Registro de lluvia 05-2025.jpg,2025,Mayo,5,3.6
5. Registro de lluvia 05-2025.jpg,2025,Mayo,6,0.0
5. Registro de lluvia 05-2025.jpg,2025,Mayo,7,24.8
5. Registro de lluvia 05-2025.jpg,2025,Mayo,8,0.0
5. Registro de lluvia 05-2025.jpg,2025,Mayo,9,44.8
5. Registro de lluvia 05-2025.jpg,2025,Mayo,10,0.0
5. Registro de lluvia 05-2025.jpg,2025,Mayo,11,0.0
5. Registro de lluvia 05-2025.jpg,2025,Mayo,12,0.0
5. Registro de lluvia 05-2025.jpg,2025,Mayo,13,0.0
5. Registro de lluvia 05-2025.jpg,2025,Mayo,14,0.0
5. Registro de lluvia 05-2025.jpg,2025,Mayo,15,0.0
5. Registro de lluvia 05-2025.jpg,2025,Mayo,16,0.0
5. Registro de lluvia 05-2025.jpg,2025,Mayo,17,0.0
5. Registro de lluvia 05-2025.jpg,2025,Mayo,18,2.0
5. Registro de lluvia 05-2025.jpg,2025,Mayo,19,0.0
5. Registro de lluvia 05-2025.jpg,2025,Mayo,20,0.0
5. Registro de lluvia 05-2025.jpg,2025,Mayo,21,25.0
5. Registro de lluvia 05-2025.jpg,2025,Mayo,22,0.0
5. Registro de lluvia 05-2025.jpg,2025,Mayo,23,3.2
5. Registro de lluvia 05-2025.jpg,2025,Mayo,24,0.0
5. Registro de lluvia 05-2025.jpg,2025,Mayo,25,0.0
5. Registro de lluvia 05-2025.jpg,2025,Mayo,26,0.0
5. Registro de lluvia 05-2025.jpg,2025,Mayo,27,0.0
5. Registro de lluvia 05-2025.jpg,2025,Mayo,28,58.5
5. Registro de lluvia 05-2025.jpg,2025,Mayo,29,1.5
5. Registro de lluvia 05-2025.jpg,2025,Mayo,30,0.0
5. Registro de lluvia 05-2025.jpg,2025,Mayo,31,0.0
6. Registro de lluvia 06-2025.jpg,2025,Junio,1,0.0
6. Registro de lluvia 06-2025.jpg,2025,Junio,2,0.0
6. Registro de lluvia 06-2025.jpg,2025,Junio,3,28.4
6. Registro de lluvia 06-2025.jpg,2025,Junio,4,0.0
6. Registro de lluvia 06-2025.jpg,2025,Junio,5,25.0
6. Registro de lluvia 06-2025.jpg,2025,Junio,6,0.0
6. Registro de lluvia 06-2025.jpg,2025,Junio,7,0.0
6. Registro de lluvia 06-2025.jpg,2025,Junio,8,0.0
6. Registro de lluvia 06-2025.jpg,2025,Junio,9,0.0
6. Registro de lluvia 06-2025.jpg,2025,Junio,10,0.0
6. Registro de lluvia 06-2025.jpg,2025,Junio,11,0.0
6. Registro de lluvia 06-2025.jpg,2025,Junio,12,0.0
6. Registro de lluvia 06-2025.jpg,2025,Junio,13,0.0
6. Registro de lluvia 06-2025.jpg,2025,Junio,14,0.0
6. Registro de lluvia 06-2025.jpg,2025,Junio,15,9.2
6. Registro de lluvia 06-2025.jpg,2025,Junio,16,0.0
6. Registro de lluvia 06-2025.jpg,2025,Junio,17,5.0
6. Registro de lluvia 06-2025.jpg,2025,Junio,18,0.4
6. Registro de lluvia 06-2025.jpg,2025,Junio,19,51.0
6. Registro de lluvia 06-2025.jpg,2025,Junio,20,30.5
6. Registro de lluvia 06-2025.jpg,2025,Junio,21,2.5
6. Registro de lluvia 06-2025.jpg,2025,Junio,22,0.0
6. Registro de lluvia 06-2025.jpg,2025,Junio,23,43.4
6. Registro de lluvia 06-2025.jpg,2025,Junio,24,0.0
6. Registro de lluvia 06-2025.jpg,2025,Junio,25,0.0
6. Registro de lluvia 06-2025.jpg,2025,Junio,26,10.0
6. Registro de lluvia 06-2025.jpg,2025,Junio,27,2.2
6. Registro de lluvia 06-2025.jpg,2025,Junio,28,7.5
6. Registro de lluvia 06-2025.jpg,2025,Junio,29,104.3
6. Registro de lluvia 06-2025.jpg,2025,Junio,30,0.0
6. Registro de lluvia 06-2025.jpg,2025,Junio,31,0.0
7. Registro de lluvia 07-2025.jpg,2025,Julio,1,0.0
7. Registro de lluvia 07-2025.jpg,2025,Julio,2,0.0
7. Registro de lluvia 07-2025.jpg,2025,Julio,3,10.0
7. Registro de lluvia 07-2025.jpg,2025,Julio,4,0.0
7. Registro de lluvia 07-2025.jpg,2025,Julio,5,9.3
7. Registro de lluvia 07-2025.jpg,2025,Julio,6,9.3
7. Registro de lluvia 07-2025.jpg,2025,Julio,7,9.0
7. Registro de lluvia 07-2025.jpg,2025,Julio,8,0.0
7. Registro de lluvia 07-2025.jpg,2025,Julio,9,9.0
7. Registro de lluvia 07-2025.jpg,2025,Julio,10,0.0
7. Registro de lluvia 07-2025.jpg,2025,Julio,11,0.0
7. Registro de lluvia 07-2025.jpg,2025,Julio,12,9.0
7. Registro de lluvia 07-2025.jpg,2025,Julio,13,0.0
7. Registro de lluvia 07-2025.jpg,2025,Julio,14,8.3
7. Registro de lluvia 07-2025.jpg,2025,Julio,15,0.0
7. Registro de lluvia 07-2025.jpg,2025,Julio,16,0.0
7. Registro de lluvia 07-2025.jpg,2025,Julio,17,17.5
7. Registro de lluvia 07-2025.jpg,2025,Julio,18,10.3
7. Registro de lluvia 07-2025.jpg,2025,Julio,19,10.0
7. Registro de lluvia 07-2025.jpg,2025,Julio,20,9.3
7. Registro de lluvia 07-2025.jpg,2025,Julio,21,9.3
7. Registro de lluvia 07-2025.jpg,2025,Julio,22,0.0
7. Registro de lluvia 07-2025.jpg,2025,Julio,23,0.0
7. Registro de lluvia 07-2025.jpg,2025,Julio,24,12.0
7. Registro de lluvia 07-2025.jpg,2025,Julio,25,0.0
7. Registro de lluvia 07-2025.jpg,2025,Julio,26,0.0
7. Registro de lluvia 07-2025.jpg,2025,Julio,27,10.5
7. Registro de lluvia 07-2025.jpg,2025,Julio,28,41.2
7. Registro de lluvia 07-2025.jpg,2025,Julio,29,0.0
7. Registro de lluvia 07-2025.jpg,2025,Julio,30,9.3
7. Registro de lluvia 07-2025.jpg,2025,Julio,31,0.0
2. Registro de lluvias 02-2026.jpg,2026,Febrero,1,0.0
2. Registro de lluvias 02-2026.jpg,2026,Febrero,2,0.0
2. Registro de lluvias 02-2026.jpg,2026,Febrero,3,1.0
2. Registro de lluvias 02-2026.jpg,2026,Febrero,4,2.3
2. Registro de lluvias 02-2026.jpg,2026,Febrero,5,0.0
2. Registro de lluvias 02-2026.jpg,2026,Febrero,6,0.0
2. Registro de lluvias 02-2026.jpg,2026,Febrero,7,0.0
2. Registro de lluvias 02-2026.jpg,2026,Febrero,8,0.0
2. Registro de lluvias 02-2026.jpg,2026,Febrero,9,0.4
2. Registro de lluvias 02-2026.jpg,2026,Febrero,10,59.0
2. Registro de lluvias 02-2026.jpg,2026,Febrero,11,0.0
2. Registro de lluvias 02-2026.jpg,2026,Febrero,12,0.0
2. Registro de lluvias 02-2026.jpg,2026,Febrero,13,0.0
2. Registro de lluvias 02-2026.jpg,2026,Febrero,14,2.5
2. Registro de lluvias 02-2026.jpg,2026,Febrero,15,2.3
2. Registro de lluvias 02-2026.jpg,2026,Febrero,16,10.5
2. Registro de lluvias 02-2026.jpg,2026,Febrero,17,0.0
2. Registro de lluvias 02-2026.jpg,2026,Febrero,18,0.0
2. Registro de lluvias 02-2026.jpg,2026,Febrero,19,0.0
2. Registro de lluvias 02-2026.jpg,2026,Febrero,20,26.3
2. Registro de lluvias 02-2026.jpg,2026,Febrero,21,9.0
2. Registro de lluvias 02-2026.jpg,2026,Febrero,22,0.0
2. Registro de lluvias 02-2026.jpg,2026,Febrero,23,0.0
2. Registro de lluvias 02-2026.jpg,2026,Febrero,24,0.0
2. Registro de lluvias 02-2026.jpg,2026,Febrero,25,2.5
2. Registro de lluvias 02-2026.jpg,2026,Febrero,26,0.0
2. Registro de lluvias 02-2026.jpg,2026,Febrero,27,0.0
2. Registro de lluvias 02-2026.jpg,2026,Febrero,28,0.0
2. Registro de lluvias 02-2026.jpg,2026,Febrero,29,0.0
2. Registro de lluvias 02-2026.jpg,2026,Febrero,30,0.0
2. Registro de lluvias 02-2026.jpg,2026,Febrero,31,0.0
registro lluvia 12-20 001.bmp,2020,Diciembre,1,0.0
registro lluvia 12-20 001.bmp,2020,Diciembre,2,57.5
registro lluvia 12-20 001.bmp,2020,Diciembre,3,5.0
registro lluvia 12-20 001.bmp,2020,Diciembre,4,22.0
registro lluvia 12-20 001.bmp,2020,Diciembre,5,0.0
registro lluvia 12-20 001.bmp,2020,Diciembre,6,0.0
registro lluvia 12-20 001.bmp,2020,Diciembre,7,0.0
registro lluvia 12-20 001.bmp,2020,Diciembre,8,0.0
registro lluvia 12-20 001.bmp,2020,Diciembre,9,0.0
registro lluvia 12-20 001.bmp,2020,Diciembre,10,0.0
registro lluvia 12-20 001.bmp,2020,Diciembre,11,0.0
registro lluvia 12-20 001.bmp,2020,Diciembre,12,0.0
registro lluvia 12-20 001.bmp,2020,Diciembre,13,0.0
registro lluvia 12-20 001.bmp,2020,Diciembre,14,6.0
registro lluvia 12-20 001.bmp,2020,Diciembre,15,0.0
registro lluvia 12-20 001.bmp,2020,Diciembre,16,0.0
registro lluvia 12-20 001.bmp,2020,Diciembre,17,6.5
registro lluvia 12-20 001.bmp,2020,Diciembre,18,0.0
registro lluvia 12-20 001.bmp,2020,Diciembre,19,0.0
registro lluvia 12-20 001.bmp,2020,Diciembre,20,45.0
registro lluvia 12-20 001.bmp,2020,Diciembre,21,6.0
registro lluvia 12-20 001.bmp,2020,Diciembre,22,0.0
registro lluvia 12-20 001.bmp,2020,Diciembre,23,0.0
registro lluvia 12-20 001.bmp,2020,Diciembre,24,0.0
registro lluvia 12-20 001.bmp,2020,Diciembre,25,0.0
registro lluvia 12-20 001.bmp,2020,Diciembre,26,5.8
registro lluvia 12-20 001.bmp,2020,Diciembre,27,4.8
registro lluvia 12-20 001.bmp,2020,Diciembre,28,0.0
registro lluvia 12-20 001.bmp,2020,Diciembre,29,0.0
registro lluvia 12-20 001.bmp,2020,Diciembre,30,0.0
registro lluvia 12-20 001.bmp,2020,Diciembre,31,3.0
1. Registro de lluvias 01-2026.jpeg,2026,Enero,1,22.3
1. Registro de lluvias 01-2026.jpeg,2026,Enero,2,36.3
1. Registro de lluvias 01-2026.jpeg,2026,Enero,3,0.0
1. Registro de lluvias 01-2026.jpeg,2026,Enero,4,0.0
1. Registro de lluvias 01-2026.jpeg,2026,Enero,5,0.0
1. Registro de lluvias 01-2026.jpeg,2026,Enero,6,0.0
1. Registro de lluvias 01-2026.jpeg,2026,Enero,7,0.0
1. Registro de lluvias 01-2026.jpeg,2026,Enero,8,0.0
1. Registro de lluvias 01-2026.jpeg,2026,Enero,9,0.0
1. Registro de lluvias 01-2026.jpeg,2026,Enero,10,20.2
1. Registro de lluvias 01-2026.jpeg,2026,Enero,11,0.0
1. Registro de lluvias 01-2026.jpeg,2026,Enero,12,0.0
1. Registro de lluvias 01-2026.jpeg,2026,Enero,13,0.0
1. Registro de lluvias 01-2026.jpeg,2026,Enero,14,0.0
1. Registro de lluvias 01-2026.jpeg,2026,Enero,15,0.0
1. Registro de lluvias 01-2026.jpeg,2026,Enero,16,0.0
1. Registro de lluvias 01-2026.jpeg,2026,Enero,17,1.0
1. Registro de lluvias 01-2026.jpeg,2026,Enero,18,0.0
1. Registro de lluvias 01-2026.jpeg,2026,Enero,19,0.0
1. Registro de lluvias 01-2026.jpeg,2026,Enero,20,0.0
1. Registro de lluvias 01-2026.jpeg,2026,Enero,21,0.0
1. Registro de lluvias 01-2026.jpeg,2026,Enero,22,0.0
1. Registro de lluvias 01-2026.jpeg,2026,Enero,23,0.0
1. Registro de lluvias 01-2026.jpeg,2026,Enero,24,0.0
1. Registro de lluvias 01-2026.jpeg,2026,Enero,25,0.0
1. Registro de lluvias 01-2026.jpeg,2026,Enero,26,0.0
1. Registro de lluvias 01-2026.jpeg,2026,Enero,27,0.0
1. Registro de lluvias 01-2026.jpeg,2026,Enero,28,0.0
1. Registro de lluvias 01-2026.jpeg,2026,Enero,29,14.7
1. Registro de lluvias 01-2026.jpeg,2026,Enero,30,0.0
1. Registro de lluvias 01-2026.jpeg,2026,Enero,31,0.0
3. Registro de lluvia 03 -2026.jpg,2026,Marzo,1,0.0
3. Registro de lluvia 03 -2026.jpg,2026,Marzo,2,0.0
3. Registro de lluvia 03 -2026.jpg,2026,Marzo,3,0.0
3. Registro de lluvia 03 -2026.jpg,2026,Marzo,4,0.0
3. Registro de lluvia 03 -2026.jpg,2026,Marzo,5,5.8
3. Registro de lluvia 03 -2026.jpg,2026,Marzo,6,0.0
3. Registro de lluvia 03 -2026.jpg,2026,Marzo,7,13.0
3. Registro de lluvia 03 -2026.jpg,2026,Marzo,8,29.0
3. Registro de lluvia 03 -2026.jpg,2026,Marzo,9,0.0
3. Registro de lluvia 03 -2026.jpg,2026,Marzo,10,0.0
3. Registro de lluvia 03 -2026.jpg,2026,Marzo,11,0.0
3. Registro de lluvia 03 -2026.jpg,2026,Marzo,12,0.0
3. Registro de lluvia 03 -2026.jpg,2026,Marzo,13,2.7
3. Registro de lluvia 03 -2026.jpg,2026,Marzo,14,0.0
3. Registro de lluvia 03 -2026.jpg,2026,Marzo,15,0.0
3. Registro de lluvia 03 -2026.jpg,2026,Marzo,16,0.0
3. Registro de lluvia 03 -2026.jpg,2026,Marzo,17,23.5
3. Registro de lluvia 03 -2026.jpg,2026,Marzo,18,1.0
3. Registro de lluvia 03 -2026.jpg,2026,Marzo,19,0.0
3. Registro de lluvia 03 -2026.jpg,2026,Marzo,20,0.0
3. Registro de lluvia 03 -2026.jpg,2026,Marzo,21,0.0
3. Registro de lluvia 03 -2026.jpg,2026,Marzo,22,0.0
3. Registro de lluvia 03 -2026.jpg,2026,Marzo,23,13.8
3. Registro de lluvia 03 -2026.jpg,2026,Marzo,24,2.5
3. Registro de lluvia 03 -2026.jpg,2026,Marzo,25,0.0
3. Registro de lluvia 03 -2026.jpg,2026,Marzo,26,7.2
3. Registro de lluvia 03 -2026.jpg,2026,Marzo,27,0.0
3. Registro de lluvia 03 -2026.jpg,2026,Marzo,28,0.0
3. Registro de lluvia 03 -2026.jpg,2026,Marzo,29,0.0
3. Registro de lluvia 03 -2026.jpg,2026,Marzo,30,0.0
3. Registro de lluvia 03 -2026.jpg,2026,Marzo,31,0.0
